name,age,street,city,state,zip,lng,lat
Shirley Green,51,503 Davis Tunnel Apt. 952,Port Ruth,Idaho,92155,127.435760,-9.8076355
Christopher Williams,50,1267 Mary Tunnel Suite 948,Port Shane,Delaware,15896,32.903300,-21.212263
Vicki Brown,75,94223 Patricia Stream Suite 681,Schwartzside,Oregon,64721,62.898116,34.7408695
Douglas Snyder,23,8307 Cindy Field Apt. 585,Ashleyberg,Iowa,57094,151.321619,-7.139480
Rebecca Neal,73,733 Allison Junctions Apt. 257,Reedstad,Utah,94289,163.616939,83.8663655
Sharon Martin,63,996 Lang Coves Apt. 054,Patriciashire,Ohio,21511,3.364172,88.578107
Travis Davis,25,1496 Perez Junction,Lake Melinda,Utah,31874,129.198262,-86.722102
Jessica Miller,79,16608 Annette Fork Apt. 339,South Brittneyberg,Michigan,53181,93.169610,-83.073968
Colin Carter,34,534 Marshall Way,Port Calebbury,Maine,25208,46.737898,80.764342
Gary Castaneda,53,6293 Benjamin Station Apt. 301,Rileyview,Michigan,34612,165.064741,-11.021106
David Morrow,71,864 James Way,Johnbury,Vermont,94099,-123.138443,-10.2139805
Kara Sandoval,30,831 Amber Crescent,Cynthiatown,South Carolina,65868,120.819117,45.1953135
Nicole Ingram,43,2660 Kristy Ports,Adamberg,Nebraska,24941,11.621987,45.6564825
Eric Franklin,33,7118 Goodman Mall,North Kathleen,North Carolina,92272,93.319131,-49.2371385
Steven Bolton,27,6644 Brian Flat Suite 460,North Jeffreychester,North Carolina,69441,-75.894880,-38.8799715
Dennis Howard,46,46360 Brittany Via Apt. 297,Smithport,South Dakota,10691,-144.232309,-0.824164
Monica Bailey,73,3269 Navarro Freeway Apt. 076,Cochranview,Colorado,02002,25.765052,10.7635385
Christopher Avery,70,86730 Brandon Hill Apt. 360,Rodneyburgh,Alaska,74345,21.859024,-29.2745815
Jose Acosta,34,708 Tonya Forges Apt. 669,New Amanda,Wisconsin,84664,147.080022,71.8281255
David Yang,76,6244 Derek Drive Suite 273,Christopherborough,Alaska,25932,-151.171843,25.7210435
Mallory Newton,38,675 Rogers Road Suite 447,Shannonchester,Hawaii,10481,-157.341507,-88.335825
Donna Hurst,56,9994 Li Rest Suite 258,North Amanda,New Hampshire,57792,98.769559,-84.222205
Mr. Richard Moore,39,412 Fowler Islands,Christopherville,Vermont,22199,-75.610711,-39.8949425
Richard Cowan,41,30672 Chelsea Mountains,Amandaton,New Hampshire,46514,-12.153082,24.561460
Mr. Richard Riddle,48,921 Mayo Trail,Lake Sarahfort,Oregon,18064,23.835439,59.6893555
William Li,30,4431 Robert Rue Suite 911,Lanceberg,Alabama,14598,-159.934529,-46.5291295
Karen Carpenter,39,102 Michelle Ports,New Mercedesmouth,Louisiana,15374,-31.647568,-63.178956
Jacob Marsh,29,44972 Lawrence Cove,Bowmanmouth,Washington,27731,65.887090,-54.608903
Joy Martin,40,4248 Sandra Locks,Evansmouth,Missouri,07530,-112.083702,-40.2733305
James Schmitt,70,295 Williamson Valleys Apt. 257,Natalieview,West Virginia,64207,93.145893,-82.966283
John Parker,33,9979 Ronald Freeway Apt. 705,Lake Michael,New Mexico,49965,77.921187,17.5216885
Michelle Murphy,52,3908 Courtney Harbor,Hallfurt,Alabama,73007,-106.406096,-3.426361
Courtney House,50,5091 Delacruz Ferry,Loriside,Pennsylvania,97227,62.709889,43.5930485
Kelly White,34,475 Kirk Lock Apt. 449,Port Richardville,Georgia,32450,97.258658,-74.9886005
Alexandra Mullins DDS,32,7330 Randall Island,Kaylashire,Georgia,46653,109.190572,11.748215
Lisa Singh,60,92327 Chavez Cove Apt. 221,West Angelaport,Mississippi,15148,142.853969,38.9487345
Mary Cooper,55,76004 Smith Views Apt. 053,Beckerview,Iowa,93142,-27.504927,-25.251271
Chelsea Henderson,69,004 Cook Drives Suite 633,New Karihaven,Texas,31004,-126.463796,55.673049
Jessica Foster,80,0240 Holland Causeway Apt. 378,Murphybury,Connecticut,52825,162.133872,64.8162535
Elizabeth Foster,48,01218 Park Shores Suite 426,Danielleport,Illinois,89193,-101.738639,-43.888328
April Chang,75,806 Smith Unions,West Caitlin,Washington,54737,106.124627,-28.0704415
Kim Ferrell,46,16498 Elizabeth Square,West Pamelamouth,Alaska,85731,0.150194,-25.3053665
Ms. Nicole Henderson,36,1500 Brittney Avenue Apt. 743,New Jesus,Missouri,02841,-128.868462,-75.9054695
Richard Murray,24,023 Gomez Circle Suite 891,Codyton,Illinois,29510,-48.654680,24.241075
Kristina Richardson,48,12965 Laura Manors,East Marisa,Texas,41469,116.983786,-36.4615155
Claudia Peterson,57,050 Todd Estate Suite 062,North Jill,Massachusetts,18677,-30.406574,-22.2873345
Brandon Davila,43,27222 Schwartz Ports,West Ryan,Wyoming,86546,50.365779,-62.5501265
Jennifer Mccormick,61,118 Rollins Viaduct,Chadfurt,Nebraska,03295,160.650492,33.3566095
Stacy Wilson,25,2594 Gilmore Court Apt. 716,Donnaton,New Hampshire,52778,-125.802769,-66.120617
Alexander Wells,79,83047 Hawkins Village,Jonathanborough,Kansas,42230,-120.168067,22.167666
Elaine Smith,58,31443 John Shore,West Victor,Florida,92985,117.111202,-6.127791
Adrian Frost,58,934 Michael Junctions Suite 714,North Wendy,Hawaii,29801,75.854424,-26.382548
Stephen Moore,18,062 Snyder Dale Apt. 396,Taylorshire,South Carolina,79283,121.001126,21.2042355
Samuel Jacobs,65,230 Billy Valley Apt. 871,Port Gregport,New York,19366,80.000485,-13.924028
Michael Palmer,20,05907 White Common Apt. 437,Port Megan,West Virginia,99181,-98.107018,-14.371527
Joshua Coleman,65,4414 Johnson Vista Suite 804,Danielburgh,Utah,63948,-11.816167,33.333258
Alyssa Burgess,28,44467 Torres Ridge Apt. 767,Spencerburgh,Maryland,85793,105.219483,18.693497
Steve Rodgers,78,44576 Christopher Tunnel Suite 329,Watsonside,Arizona,67380,-17.228523,-77.878465
Joshua Pena,48,924 Coleman Locks,Lake Randall,Iowa,93450,26.608575,78.2086405
Nichole Cunningham,65,860 Jillian Stream Suite 161,Fordland,Virginia,48450,100.239170,11.5003135
Sharon Glover,41,0175 Nguyen Light Suite 896,Mooretown,Virginia,85891,-121.213224,77.742330
Ronald Green,32,15655 Hernandez Mill Suite 837,Port Phyllis,California,26342,-160.527931,39.485740
Jason Baker,33,9204 Kylie View Suite 653,Abigailburgh,Iowa,07917,-142.496693,-36.589470
Adam Lee,77,284 Smith Shoal,Hallton,Texas,41548,46.329181,-28.996945
Jessica Butler MD,56,58819 William Hill Suite 298,West Nicholas,Louisiana,90530,177.262040,32.7815615
Jennifer Baldwin,79,4731 Ward Meadow Apt. 483,West Troyton,Idaho,70795,110.209035,-5.509814
Cody Lozano,44,3499 Rodriguez Crossroad,East Brenda,Arkansas,05076,-122.922194,-35.698737
Stephen Flowers,62,167 Anna Mountains,Guerrachester,Vermont,57644,-113.986908,-59.2934195
Martha Landry,76,0353 Cook Crescent,South Victoria,Pennsylvania,08534,-22.946842,-68.849775
Gregory Lin,78,178 Carrie Landing Suite 542,West Michael,Virginia,60631,75.895817,7.332744
Amber Mitchell,65,9339 John Circle,North Shawn,Arkansas,74904,0.605123,-87.8822035
Margaret Griffith,23,69635 Palmer Trail Suite 465,Port Alyssa,Colorado,29424,115.167632,57.034145
Brandon Valencia,35,5820 Tammy Track Suite 560,North Allison,Oklahoma,43571,-158.450745,-10.753513
Tom Baker,55,097 Roberts Stravenue Suite 590,West Maria,Montana,27606,-131.609346,52.990367
Amanda Miller,48,5255 Alvarez Rapids Suite 845,Lake Julieland,Massachusetts,38765,-162.042009,74.381173
Desiree Robinson,47,7036 Wallace Turnpike,East Jacqueline,Pennsylvania,24789,139.163943,-8.724907
Mr. Adam Smith,38,299 Blankenship Land Apt. 345,Seanview,Montana,74018,-53.624781,-77.935335
Zachary Martinez,66,9128 Arias Glen,North Josephhaven,Oklahoma,18867,-45.053732,45.514440
John Rodgers,18,3495 Gloria Ferry,Pattersonhaven,New Mexico,46820,-32.488061,83.2514325
Heather Arnold,63,08302 Matthews Branch,Cameronmouth,Utah,98083,-48.926426,33.5963025
Lee Donaldson,23,737 Micheal Junction,Susanmouth,Vermont,09211,-14.178351,-10.378729
Steven Armstrong,66,0317 Wendy Lakes Suite 410,Port Melissa,New Hampshire,56312,-119.639951,-79.324933
Robert Sharp,34,65205 Dennis Crescent Apt. 585,Lake Wendytown,Georgia,24348,-74.568626,17.443412
Andre Thompson,79,5725 Patricia Camp Suite 727,West Renee,South Dakota,36450,29.259487,-14.9481135
Timothy Hudson,46,9959 Bright Overpass,Lake Bobbystad,Alaska,62800,-104.111677,-60.999973
Eric Johnson,41,2913 David Trail,Port Sean,Kentucky,89371,-60.982703,-85.482071
Cole Fletcher,31,96385 Diaz Underpass,Shieldston,North Carolina,98083,-74.320038,55.7360175
Amy Davis,40,5098 Hector Island,Cooperfort,Oregon,51242,-58.855445,72.351117
Nicholas Carlson,29,53642 Jacqueline Trail Suite 843,North Sandraburgh,North Dakota,21062,173.932076,55.0328045
Shelby Ray,67,92027 Bell Loaf Apt. 900,Pamelaborough,New York,47573,84.969219,47.116157
Molly Mcconnell,65,84014 Steven Land,North Jenna,Rhode Island,67481,78.564161,43.7278715
Jesse Mcgee,26,0266 Chan Street Suite 332,North Robert,Maryland,01640,117.483637,68.888271
Melissa Clark,34,963 Huber Mountain Apt. 473,New Marytown,Nevada,57592,166.489018,-59.325578
Tammy Graves,64,095 Rosales Fords,Lake Albertmouth,Oregon,79727,147.285600,27.237718
Lisa Vincent,44,8136 Daniel Coves,Jessicafurt,Ohio,86450,-156.422388,35.9620275
Kimberly Martin,20,27881 Kenneth Locks,Orozcotown,Wisconsin,33665,-31.494113,12.952741
Jennifer Austin,39,2246 Klein Ports Suite 721,Trevorport,Arkansas,24865,-73.040314,17.664625
Mrs. Marissa Massey,32,84612 Pamela Extension,North Kelseyburgh,North Carolina,13310,-77.854326,48.8903585
Michelle Hernandez,20,9107 Carlos Fall Suite 838,Marioland,Virginia,23615,-51.187402,7.6954185
Charles Ramirez,25,9224 Vasquez Branch Apt. 766,New Scott,Kentucky,85964,-69.383591,85.736318
Jacqueline Tucker,26,9726 Castro Road,North Jenniferland,Rhode Island,86491,48.973660,7.4428555
Victoria Freeman,52,250 William Islands,Jamieborough,Maine,97303,72.930500,12.824664
Vincent Woodard,27,063 Perkins Valley,West Joshua,Ohio,94391,124.887258,-4.6209475
Micheal Harris,75,83624 Christopher Ville Suite 889,Ballardshire,Massachusetts,35252,144.333386,-77.018502
Lisa Norman,21,46237 Christopher Rest,New Ralph,Tennessee,06051,-87.514312,-46.368582
Anthony Johnson,35,2689 Pham Crest,Port Johnathan,South Carolina,37154,65.564821,-30.556331
Donna Mccullough,18,8004 Watson Shores Apt. 537,Joshuafurt,Hawaii,02350,-171.521481,34.349470
Anthony Pruitt,69,816 Smith Heights Suite 528,Lake Geraldmouth,Tennessee,62284,178.136695,-89.952387
Amanda Hernandez,67,9017 Alvarez Park Apt. 933,Josemouth,Arizona,40623,-24.032566,33.8333675
Robert Graves,52,2593 Stephen Stravenue,Anthonyside,Alabama,81145,79.227061,61.787690
William Vargas,52,946 Benjamin Center,Davisfort,Washington,28690,-129.189738,61.9126645
Lauren Nicholson,72,36017 Timothy Ports Apt. 769,Mariatown,North Dakota,99327,-21.007549,86.4734115
Thomas Fernandez,76,1505 Tiffany Point,Lake Michael,Hawaii,26024,-53.266093,68.1501535
Mary Mcgee,43,887 Leah Mount Suite 710,Davismouth,Wyoming,18345,13.054146,65.101154
Rachel Mitchell,26,34878 Campbell Mission Apt. 541,East Michelle,Oklahoma,14410,-65.802526,20.9933865
Keith Cohen,79,158 Lance Landing Suite 809,Elizabethchester,North Carolina,03122,-102.100061,-71.1917725
Desiree Klein,75,582 Vanessa Shore,New Julie,Arizona,01033,101.671918,-38.755208
Lauren Moore,70,67811 John Terrace Suite 957,Port Ricardoport,Michigan,47382,-68.655092,20.2660335
Crystal Roberts,52,1579 Shawn Union Suite 115,New Lisamouth,Minnesota,73392,-63.306858,-80.2681765
John Hanson,41,65230 Maddox Inlet,West Sue,Rhode Island,62431,-96.255727,58.966908
Gina Torres,45,9320 Micheal Crest,Howardside,Idaho,09463,53.127334,33.4496025
Kevin Newton,77,453 Myers Fort,Chapmanmouth,Texas,26409,-157.464050,75.6160855
Dylan Smith,40,16924 Mathis Rue Apt. 827,Lake Davidfort,North Dakota,40850,-22.339836,-24.2930465
Cynthia Mendez,41,82856 Rebecca Fields,Carriemouth,Idaho,02203,0.933992,80.235271
Michelle Chandler,53,205 Andrea Square,South Danielbury,Colorado,87755,169.741816,58.8100925
Brian Collins,54,340 Leon Centers,Richardfurt,New York,55011,141.638373,-0.3402235
Terry Sims,68,0095 Mary Pines Apt. 167,Matthewtown,Wisconsin,99281,-28.248272,7.0294415
Erica Houston DDS,28,79314 Todd Trace,South Joseph,California,14643,-124.875787,-24.3770745
Joel Brown,55,9559 Ronald Freeway Apt. 106,Jacksonton,Iowa,45738,-119.510402,50.736999
Daniel Erickson,36,628 Dawn Loop Apt. 327,Lake Rebeccatown,Wisconsin,67493,164.358257,-13.256061
Amber Hill DDS,37,26874 Shaffer River Apt. 548,South Marciamouth,Illinois,65406,-67.917689,54.354821
Timothy Cunningham,53,83191 Davis Ville,North Erica,New Hampshire,68796,-32.061674,-83.2418125
Andrew Clay,46,87112 Latoya Ramp,North Jeffrey,Kansas,04468,61.416368,20.4011085
Julie Anderson,61,11228 Alexander Mills Apt. 313,Barkerborough,Missouri,59454,113.188907,1.1560685
Tina Perry,50,244 Kathleen Courts Apt. 708,Wrighthaven,Maine,98863,-131.509349,-66.5550965
Andrea Bray,18,405 Michael Junction,Port Hollytown,Nebraska,37708,-146.141492,-71.2758245
Kristen Rivera,38,763 Miller Bypass,North Tiffany,South Dakota,93706,172.739307,-80.1932545
Carol Perez,30,0443 Linda Village,Rossport,Missouri,16757,-139.921034,53.237987
Erica Hall,55,389 Michael Mission Suite 155,Fuentesfurt,Vermont,37894,-137.546831,-52.7145375
Alexis Mclaughlin,48,063 Kelly Points,Port Elaine,Nevada,90683,-26.446594,54.264358
Ashley Allen,45,1591 Cunningham Mountains Suite 269,Michaelport,South Carolina,52437,-51.033269,33.5017945
Mike Koch,56,25090 Smith Coves Apt. 943,East Candaceshire,Iowa,83812,33.256138,53.998718
Rachel Riley,48,7682 Thomas Row,Port Patrick,Wisconsin,86984,110.490143,12.4737075
Emily Gibson,50,832 Christensen Groves,East Jamesview,New Hampshire,48091,-88.390288,-46.4393565
David Moore,19,1469 Benjamin Mall,Tiffanyborough,Wyoming,23157,-61.576129,11.5425515
Elizabeth Montgomery,62,36954 Lozano Trafficway,South Michaelchester,Arkansas,55249,-47.130364,-62.612881
Eugene Compton,71,4673 Claudia Junctions,Delacruzborough,Hawaii,59918,-24.914175,-29.746771
David Harrison,36,5175 Katherine Wells Apt. 635,North Curtischester,Alaska,93265,-23.320422,72.2174435
Frederick Evans,33,58368 Caleb Camp,Penningtonburgh,Louisiana,53793,-173.223589,83.034729
Denise Rush,21,122 Jones Islands Apt. 136,Amyton,Alaska,24856,173.722498,-26.9038975
Whitney Rose,64,36671 Christina Park Apt. 175,South Victoriashire,Minnesota,75429,-98.831984,53.600817
Traci Gallagher,20,93101 Bennett Lake Apt. 438,New Ericashire,Arkansas,31040,-118.696540,73.6021305
Justin Page,19,7874 Sarah Manors Suite 460,New Peterside,California,24606,-11.110459,52.4860345
Steve Rollins,60,9688 Cole Radial Apt. 286,Carpentertown,Michigan,44195,-99.824838,-19.3303055
Arthur Stone,18,00411 Jones Island Apt. 757,West Sydney,West Virginia,51328,136.728678,83.680243
Bonnie Lee,65,3870 Gina Squares Apt. 685,Loweburgh,Illinois,08518,90.316562,-52.414165
Christina Bradford,76,729 Nicholas Isle,Matthewside,Louisiana,88139,175.942732,-59.718308
Tracy Jackson,40,2680 Adam Plains Suite 575,Travisland,Mississippi,42210,105.977298,-60.406155
Gregory Snyder,68,70723 Amy Station Apt. 937,East Latoya,South Dakota,59497,-146.408108,-41.8617495
Cindy Williams,18,617 Ross Shoal,Port Michael,Hawaii,64836,83.974455,87.5228595
Larry Dunn,30,377 Shawn Well,Lake Kellyville,Texas,21402,64.215362,-24.938690
Nicole Hall,42,49890 Haley Streets,North Jorgefurt,Colorado,98812,-35.591026,30.9731865
Kimberly Mcmahon,57,4022 Craig Pass Suite 016,Elizabethbury,Georgia,28441,-152.684121,-11.316318
Jennifer Kane,51,288 Horton Mount,Adamland,Nebraska,42594,-179.922790,17.0166875
Dana Harrison,79,556 Wright Mount,Reynoldsfort,Hawaii,35570,-61.677010,-10.4898955
Jose Morales,45,6703 Meyers Pine Apt. 876,West Maryland,Connecticut,85118,-53.869944,-15.1016315
Kelly Erickson,67,1521 Scott Mountain Suite 655,West Kristi,Georgia,79781,128.447558,4.212048
Daniel Mccall,76,91402 Eric Mountains,Cohenborough,Arizona,76587,-92.249018,19.902843
Richard Howell,26,7431 Victor Stream,Allisonbury,Alaska,23534,-53.108344,-69.0272895
Roberto Nichols,63,66312 Jason Turnpike Suite 462,Montesbury,New Jersey,10752,-39.781329,-26.9419255
Courtney Drake,53,105 Kimberly Port Apt. 723,North Stevenstad,South Carolina,98154,123.531619,59.182255
Stephen Owens,39,8515 Susan Lights Apt. 535,Jonathanmouth,New Mexico,08499,123.350351,45.8033095
Kathryn Johnson,62,61250 Meyer Groves,East Davidtown,Vermont,08911,-128.211191,63.8910265
Jill Newman,72,287 Pamela Divide Apt. 161,Garymouth,Florida,18712,139.113597,18.7477355
Steven Davis,46,836 Lori Coves,Kevinton,Illinois,24502,-109.730630,-38.0532555
Anthony Morales,72,0631 Alexander Isle Apt. 917,Julieport,Maine,42179,-60.454525,-64.2482665
Emily Mccarthy,20,568 Kayla Centers,Port Edwardville,New Mexico,83038,141.295739,72.147992
Maria Rangel,67,456 Robert Freeway Suite 159,Amandafort,Minnesota,89971,24.020364,-18.3462275
Carolyn Morris,53,56191 Lauren Bypass Suite 329,Lake Yolandaborough,Wisconsin,95545,-117.092021,-6.6953605
Miss Hannah Sanders DVM,45,529 Robert Squares Suite 352,South Lindsey,Iowa,27980,168.983216,65.3367755
Robert Phillips,64,3707 Ramirez Highway,Georgefurt,Louisiana,77043,-125.851620,65.356169
John Thomas,79,248 Amber Vista,Davisburgh,Idaho,07394,-99.361136,75.351926
Scott Serrano,78,78935 Candice Oval Suite 649,Schultzville,South Carolina,76089,59.002680,83.3341575
Jacqueline Hawkins,33,5857 Hood Lake Apt. 485,Lake Cynthia,Mississippi,38079,22.381065,56.431370
Judy Miller,55,509 April Place,New Ryan,California,40388,-173.576114,74.6984545
Dennis Bowen,77,399 Lee Stravenue Suite 872,Silvahaven,Nebraska,26646,-174.411348,62.8499475
Wesley Gonzalez,55,4851 Vanessa Wall,South Joshua,Minnesota,44164,-104.295735,-63.0573235
David Solomon,38,869 Bradley Bypass Suite 753,Webbfort,Maryland,67278,52.976344,20.546445
Ronald Pena,78,1881 Dillon Estate Apt. 575,South Brandonhaven,Louisiana,61530,57.284570,-45.573853
Mrs. Rebecca Rowe,39,067 Michaela Forks Apt. 197,Angelicaport,Michigan,83538,-153.750449,69.866695
David Thompson,26,159 Clay Fork,Richardston,Illinois,43916,45.284211,50.877040
Jason Matthews,52,33105 Gomez Points,Markstad,Montana,66005,-55.393475,56.513575
Valerie Rivera,66,9652 Diana Well,West Crystaltown,Montana,26604,143.373997,54.966377
Todd Curtis,54,095 Hughes Parks Suite 943,Port Rebecca,Oregon,73999,-2.707078,30.7807635
Sarah Davis,78,83298 Chapman Squares Apt. 524,North Kevinside,Vermont,08583,90.369663,-8.9501985
John Cole,34,16998 Jamie Keys,Port Stacy,Colorado,03433,155.816205,-51.924540
Jason Wright,60,3143 Jerry Junction Suite 783,West Russellchester,Louisiana,23650,19.455898,-33.119899
Christopher Rubio,45,2968 Brooks Run Apt. 636,South Roger,Iowa,08011,77.228650,-34.9854265
Jesse Hall,75,7513 Grant Parkway,Andreamouth,Montana,12319,-1.227430,-66.7650105
Taylor Jones,44,156 Mark Forest,Lake Rodney,Hawaii,36619,52.007228,-38.355393
Tammy Bryant,60,15119 Estrada Fields,Port Carol,Wisconsin,15495,57.948694,-52.0780655
Cathy Thompson,29,9667 Potts Island,New David,Missouri,02381,80.516942,67.379554
Sonya English,34,969 Kevin Circles Apt. 205,South Robert,Wisconsin,69758,124.837828,-61.301577
Bryan Perez,34,27873 Dana Greens,Bellbury,Oklahoma,72395,176.590107,26.8938065
Janet Lewis,60,907 Wanda Islands,Eatonhaven,Massachusetts,25808,-132.354803,40.0076345
Kayla Hoffman,48,562 Green Dale Apt. 657,New Marietown,New Jersey,26599,148.943570,-10.431525
Joshua Smith,50,4940 Reynolds Forge,Morganton,Oregon,10829,11.585429,-48.2491835
Cheryl Mata MD,51,9113 Garcia Way,Lake Tammy,Michigan,59693,-2.845822,64.7892655
Samantha Adkins,74,4111 Smith Turnpike Apt. 579,Schmidtmouth,Michigan,47991,-78.720089,-7.070582
Sandy Neal,72,832 Gregory Bypass Suite 420,West Rachelport,Oregon,27839,-147.029684,-83.752938
Jeremy Steele,33,590 Ricardo Island,Gallegosborough,West Virginia,95613,73.065022,-60.9064405
Mark Alexander,23,7036 Michelle Curve,Perryside,Massachusetts,81469,-116.947192,-4.943737
Sean Mckenzie,40,8270 Holt Street Suite 890,New Dawn,Oklahoma,52018,151.254335,-20.5386935
Zachary Smith,36,55085 Victoria Parkway Suite 952,North Christopher,Alabama,41646,171.419597,74.2019395
Lori Hudson,74,9346 Johnson Drive Suite 941,South Amy,New Mexico,26730,161.016219,-35.3634255
Sean Miller,59,86917 Amber Divide,New Tylermouth,Florida,79530,-101.738585,-35.967262
Pamela Carpenter,69,890 Jamie Cliffs,Karenview,Kentucky,18684,-83.174575,-9.3878015
David Velasquez,57,82589 Huffman Walk,North Ashley,North Carolina,33653,-110.307913,55.6608915
Stephen Mccarthy,46,1103 James Camp,North Holly,Iowa,14315,-116.333780,-88.419942
Shelly Arias,29,811 Emily Rapid Apt. 406,Nealstad,California,37873,-140.776914,-86.946908
Brenda Wyatt,75,19636 Dana Mill,Charlesland,Mississippi,62680,-177.287700,-38.4771935
Juan Wood,20,6185 Ortiz Plains,South Melvinside,Alaska,13616,90.614015,74.3701815
Susan Hansen,26,391 Carpenter Freeway Apt. 191,Collierfort,Tennessee,48700,-104.567852,-25.031846
Elizabeth Vazquez,68,2891 Harold Ford,New Curtisville,Hawaii,30209,-136.337124,-51.497331
Michelle Vargas,80,0285 Mcdaniel Ranch,New Joseph,Tennessee,45540,-88.940999,41.297731
Paige Brown,46,76124 Andrew Brook,West Markville,Michigan,95175,-88.669913,-29.164083
Sara Reed,46,1924 Jason Mills,Franceston,Oregon,92694,79.929798,-21.207334
Marcus Fitzgerald,39,3262 Kim Lodge Suite 869,Derekberg,Vermont,18365,88.238182,-67.1448145
Ashley Chen,66,81525 Jennifer Points Suite 536,Lake Misty,South Dakota,40589,140.119202,47.084280
Kayla Hammond,53,9536 Matthew Cove Suite 785,Daybury,Washington,72741,-146.347599,5.330862
Robert Swanson,56,15069 Martin Glens,Joelside,Minnesota,38383,-151.555943,-32.5289365
Brent Woodward,23,93383 Thomas Dam Apt. 542,Port Robertfort,Louisiana,09333,45.532305,78.2564305
Perry Paul,26,87407 Ramos Creek,Molinabury,Montana,44713,-34.865722,70.2174135
James Guzman,22,63389 Mary Street Suite 143,Lambland,Maryland,85589,-107.801040,46.662965
Chad King,72,31525 Arnold Island,Kaylamouth,Hawaii,65822,105.176337,-41.6317045
Steven Golden,54,34261 Jessica Ports,Lake Wesley,Kansas,59263,26.001697,-6.2778025
Lawrence Abbott,39,835 Coleman Cape Suite 714,New Markland,Kentucky,59334,108.385342,-10.970527
Christian Carter,75,20721 Monica Brook Suite 787,Simmonsstad,Wisconsin,03387,-80.248805,62.3468105
Angela Johnson,65,3334 Thomas Lights,Robertschester,Alabama,12627,166.666959,26.593171
Ronald Abbott,69,5603 Audrey Keys Suite 485,West Thomas,Iowa,19896,16.711635,-75.3070185
James Barrett,24,6993 Timothy Drive,Wilsonberg,Florida,03823,-166.908390,-16.334232
Kevin Pierce,50,27186 Angela Islands Suite 670,Matthewburgh,Massachusetts,99129,162.872119,81.713249
Ricky Zamora,52,9812 Brandon Course Suite 367,Craigside,Oklahoma,41544,30.447663,7.972283
Monica Castaneda,54,93721 Melissa Glens Suite 435,Rogerbury,West Virginia,58118,-98.459607,-21.0500585
Pamela Davis,43,1884 Raymond Pines,New Marcus,Maine,57502,75.573158,-63.979835
Alexandra Horne,25,479 Richardson Trace,Ryanfort,Connecticut,83665,-41.436271,-63.6067135
Thomas Garcia,55,653 Robin Manor Suite 951,New Chelsea,South Carolina,01506,-5.652282,14.7121565
Tina Cooper,18,38458 Patricia Way,Bradyville,Washington,42539,-14.231671,32.180067
Karina Boyd,22,84497 Paul Pine,East Andreaport,Colorado,66533,-157.230803,-11.5398545
Jordan Lucero,55,0928 Amber Light,Allenmouth,North Dakota,03623,-58.510270,53.522635
Timothy Smith MD,62,2908 Scott Rue,South Danielleport,Arkansas,01999,12.073997,-23.113535
Kim Rogers,26,013 Evans Pine,Mitchellfort,Nevada,37860,91.765368,5.340507
Katherine Schmidt,30,67745 Anthony Creek,Nataliehaven,Utah,36188,-113.269940,23.8302845
Richard Smith,20,217 Sabrina Track Apt. 403,Wolfeville,Iowa,50486,-167.228525,46.4579265
Michael Green,42,803 Barr Rue,Port Barbarastad,Kansas,31661,-178.213750,-33.5644065
Edward Bryan,42,7216 Huff Falls,West Angelicaborough,Kansas,64517,125.615688,-64.1637465
Robert Mccullough,33,2478 Rickey Union,Hermanport,Pennsylvania,14152,103.804379,56.1258335
Jennifer Santos,50,286 Williams Prairie,Port Megan,Wyoming,83667,-152.446947,-82.868845
Michael Neal,22,9362 Megan Lakes Apt. 418,South Marilynland,Oklahoma,50168,111.584163,67.2212765
Elizabeth Sanchez,39,099 Mendoza Mills,Riveraport,Wisconsin,96856,-112.351885,8.937676
Christine Harris,58,8742 Pope Stravenue,Johnsonbury,Ohio,90612,114.782642,-38.166872
Mary Solis,53,817 Wilkins Pike Suite 982,Lake Brenda,North Dakota,53619,-84.576975,-40.2535125
Walter Greer,37,647 Ochoa Mission,Juliahaven,Delaware,11692,-119.532410,26.915679
Mercedes Jones,27,2297 Ronald Crescent Suite 276,Snyderchester,Oklahoma,12181,-40.379320,-58.4787745
Austin Lambert,76,51882 Bradley Road Suite 856,South Jenna,Arkansas,69309,-49.218720,-64.5487985
Thomas Simon,59,8127 Nathan Prairie,Lindseyborough,Colorado,06826,33.240879,-86.547666
Christopher Bird,52,96099 Gordon Keys,New Christine,North Dakota,90586,130.314728,-75.938949
Thomas Thomas,34,69009 Adam Glen Apt. 737,Allisonside,New Jersey,53476,-54.341757,-35.3304985
Rhonda Cortez,42,72984 Brown Club Suite 096,Oliverport,Iowa,49781,157.140312,11.120276
Gloria Gordon,56,424 Courtney Rest Suite 723,Rogersland,Kansas,92135,51.090235,55.6456055
Mike Dixon,39,400 Jones Forest,Rogersview,Tennessee,69386,68.244285,85.382420
Mr. Joseph Ross MD,41,5600 Melissa Mall,North Masonside,Washington,87429,153.115366,59.1708815
Bethany Lee,25,559 Henderson Mill,West Chelseaton,Pennsylvania,88696,-145.706621,7.5191705
Kristin Chavez,78,967 Jacob Valley,Matthewland,Indiana,31905,56.136149,-14.8144535
Morgan Horton,50,18282 Sherri Drives Apt. 930,Frederickville,Montana,43324,-169.440073,76.090967
Aaron Fields,44,1979 Solomon Track,Lake Brianna,Nevada,92676,56.013284,-81.5003015
Adam Goodman,55,0464 Crosby Stravenue Apt. 822,West Brittanymouth,Kansas,07097,163.200101,22.6546055
Scott Morgan MD,40,06140 Paul Creek Apt. 723,Dannybury,Georgia,95040,141.839499,81.6477755
Charles Ramirez,57,13436 Gray Radial Suite 895,South Stevenside,New Mexico,41333,80.280879,4.5592055
Scott Smith,76,952 Marvin Springs,West Laurenshire,Florida,40939,-9.269997,-31.9478975
Carlos Delgado,21,04867 Debra Street,West Michaelport,Montana,08910,-122.031591,-36.7863435
Sharon Vega,53,83777 Murphy Extensions,Westport,Pennsylvania,78066,69.223685,-73.5512265
Christina Moore,53,9806 Jerry Road,East Anthony,Washington,43696,41.835086,26.8420085
Rhonda Solis,35,942 Kevin River,Walkerport,Nevada,06147,-101.421650,55.5016285
Michael Jordan,24,095 Max Trail Suite 148,New Susan,West Virginia,91942,35.572501,67.857958
Tonya Glenn,32,9286 Michael Pine,East Jeffreystad,Tennessee,90783,-57.184689,87.3673585
Kevin Miller,22,273 Russell Mountains,Port Heather,Hawaii,35951,109.519506,69.138615
Sarah Brown,50,175 Foster Field Suite 283,Port Andreahaven,Maryland,19353,-47.871447,-22.4359205
Jennifer Foster,51,278 Alan Spring Apt. 099,Christinatown,Minnesota,97289,-24.987643,16.7766265
Michael Mays,68,8171 Jody Loaf Apt. 707,West Brian,New Jersey,79449,-51.022528,62.016018
Adam Beard,21,172 Jessica Lake,Huberberg,Arizona,93042,120.247073,66.5133075
Patrick Carpenter,39,235 Smith Tunnel Apt. 299,Davidbury,Arizona,38348,78.867817,-79.825791
John Torres,74,88078 Wanda Brooks,Paulchester,New York,29672,-89.010298,8.4643645
Stephanie Parsons,44,6574 Austin Harbor Suite 988,Kyleborough,Vermont,50836,62.116033,-58.567128
William Baker,36,82108 Cruz Shores,South John,Pennsylvania,84689,-58.233419,-56.4814765
Kristin Hughes,28,0890 Reed Greens,New Lisahaven,Nebraska,40363,172.682015,37.2529735
Mary Flowers,34,4731 Cody Lodge Apt. 606,South David,Mississippi,14479,-172.794529,-73.2650515
Linda Brown,22,866 Michael Crescent Apt. 954,Port Adamburgh,Idaho,38085,176.302130,45.030620
Nichole Castro,32,549 Edwin Freeway Apt. 428,Lake Raymond,Pennsylvania,13092,-27.348630,-45.054988
Brianna Ward,54,916 Rivera Causeway Apt. 127,South Davidhaven,West Virginia,65342,-62.999300,48.6824055
Cynthia Erickson,45,70708 Simmons Ports Suite 900,Loriberg,New Jersey,61943,19.775183,-48.398525
Jeffrey Hebert,49,067 Cox Views,Port Evanberg,Oklahoma,16509,140.807858,2.9009365
Erica Jones,40,16064 Martin Spur Apt. 934,Port Wendyport,California,29380,-162.897608,63.420356
Chelsea Lozano,58,292 Jonathan Circle Apt. 563,West Lindaton,Utah,71280,-4.910855,71.308223
Carrie Whitney,53,186 Cassie Viaduct Apt. 250,Michaelstad,Missouri,95969,10.272311,30.8489745
Gregory Thompson,74,37633 Guerrero Fork Suite 052,Markland,Michigan,59927,-79.454872,20.0632635
Leslie Dean,35,44704 Spencer Mountains Suite 552,Alanport,Kansas,99766,66.853626,-84.064610
Benjamin Navarro,25,8812 Matthew Summit Apt. 354,Barronfort,Nevada,30302,-158.432998,35.821897
Kathy Goodman,33,402 Jonathan Lakes Suite 362,Jacksonshire,Florida,28313,-23.937570,-35.6394615
Corey Harris,79,303 William Ford,South Roymouth,Rhode Island,63778,-163.068641,27.6381045
Laura Thomas,70,5305 Michael Isle,Austinside,Virginia,49053,-0.377073,6.3828005
Christopher Sanders,54,1271 Douglas Springs Suite 519,East Mirandastad,Illinois,28316,12.342148,-66.2729455
Kyle Osborn,59,36331 Martin Point,Juarezview,South Carolina,59440,-159.930568,10.355377
Jeffrey Neal Jr.,46,203 Williams Lakes,North Michael,Louisiana,67343,-2.361349,78.171058
Chelsea Jensen,22,218 Kimberly Well,Juliemouth,Connecticut,98624,-122.601934,24.2309255
Jane Perez,41,61296 Gwendolyn Drives,Flynnmouth,Nevada,17252,-71.379592,-65.900866
Audrey Allen,75,4389 Reyes Ferry Apt. 265,East Patrick,South Dakota,78210,-177.890272,-68.3019155
Nicholas Kelley,24,123 Monique Trail Suite 682,West Kelly,Missouri,84052,-140.279924,-13.353849
James Smith,25,61865 Samantha Station,East Amandafort,South Dakota,27347,145.547438,0.703914
Timothy Mason,62,71395 Mitchell Village,Gonzalezhaven,Pennsylvania,94181,-147.960845,28.199407
Mary Hughes,69,0002 Long Row Suite 727,Michaelside,Missouri,18634,-129.184729,-5.0962985
Wesley Baldwin,66,823 Williams Forks,Kristyfurt,Ohio,49093,128.934524,-22.376165
Joshua Maddox,68,59872 Victoria Centers,Edwardsmouth,Missouri,19446,-68.070338,76.478533
Richard Robinson,77,975 Mary Point,Terriport,New Mexico,28778,44.320362,22.676135
April Stewart,47,5340 Heather Mission,New Taylor,Idaho,01418,-143.458317,-17.441086
Sheila Nolan,36,3391 Thomas Course Suite 266,West Evanton,Oklahoma,82335,-157.253466,49.434396
Destiny Davis,20,7883 Steele Ports Suite 434,New Jennifer,North Dakota,67114,-38.158574,-52.067748
Yolanda Leon,50,13852 Nelson Falls,Wernerstad,Oklahoma,86883,29.587620,-27.718475
Frances Lewis,65,943 Gregory Highway,Amandaburgh,Michigan,45098,176.678644,-14.696641
Peter Hawkins,40,17350 Dodson Village,South Jerry,Rhode Island,71296,64.018579,19.0514955
Christopher Aguilar,42,7247 Peter Inlet,Bergerview,Minnesota,76510,-159.386588,21.8801875
Angela Figueroa,43,19671 Nancy Freeway,Rodriguezville,Kentucky,62708,-119.197570,-54.256163
Terri Choi,28,1267 Ruth Common Suite 944,Wilsonmouth,Alaska,03444,-1.785419,-58.1137965
Courtney Todd,20,50151 Stone Locks,Lake Jessica,Texas,83448,-146.418109,64.184259
Charles Johnson,60,703 Hawkins Falls Apt. 821,New Joshua,Oregon,97971,-77.368945,-15.565646
Adam Smith,75,28105 Rhonda Fort Suite 028,Hardyhaven,Mississippi,10783,173.715945,68.8427215
Stanley Shepard,50,21769 Alexander Roads,Ferrellland,Minnesota,16481,-38.265196,-12.6900845
Eddie Sheppard,26,102 Thomas Falls,Georgestad,Washington,82357,-34.679999,-73.221250
Charles Mann,71,67519 Michael Stravenue Apt. 988,Letown,Florida,30966,-6.925551,55.4367605
Juan Jackson,21,03505 Bradley Causeway Apt. 787,Lake Michaelview,Maryland,56323,-125.931124,-53.8294485
Betty Jordan,47,51305 Johnson Isle,Port Emma,Idaho,40121,-10.035859,82.952409
Theresa Brown,21,56723 Ingram Common Suite 608,South Adrian,Kansas,88888,6.880009,19.091412
Austin Mitchell,24,71185 Kimberly Fields Suite 847,East Alyssastad,Rhode Island,24893,-157.731507,-37.1989575
Kimberly Vincent,63,49552 King Tunnel,Lake Samuelport,Kentucky,10721,135.751494,-65.8047895
Sarah Gutierrez,57,16959 Hampton Roads Apt. 954,Lake Katherineburgh,Idaho,31268,-156.768200,5.035854
Michelle Olsen,64,38448 Teresa Highway Apt. 498,North Virginiamouth,Oregon,20102,79.634524,-88.8457035
Calvin Perez,37,992 Kristen Stravenue,Clarkville,Minnesota,14804,-160.859830,-11.0614485
Michael Hill,45,452 Cook Shoal,Port Angelachester,Kentucky,15536,-177.535853,-56.8267735
Andrew Williams,64,169 Craig Mountain,Port Danielberg,Alabama,97228,-125.377774,74.494112
Dr. Christopher Howard,39,789 Kevin Center,East Jesus,Arizona,50328,-23.642438,-69.043802
Shelby Cline,76,52744 Tyler Port Apt. 068,Barnesside,Michigan,39784,-32.777604,68.291141
Tracie Conner,32,8449 Michelle Inlet,Riverastad,Florida,20596,-12.336917,-26.0470675
Christopher Hernandez,67,2235 Michelle Causeway Suite 188,Jimmyland,Louisiana,09189,-11.894495,23.443893
Kimberly Hendricks,38,0537 Cameron Turnpike,Gardnerbury,Indiana,24520,-172.155566,50.9278435
Martin Mack,19,6814 West Tunnel,Gonzalezland,New York,23886,169.671128,18.3474725
Angela Rodriguez,38,827 Crystal Islands,Hillburgh,Iowa,49931,-36.927160,79.2703205
April Suarez,57,8719 Bryan Roads Suite 813,East Ashley,Tennessee,54871,86.094346,-70.903863
Rachel Hernandez,53,99528 Andrea Landing,Jonestown,Michigan,44073,-112.033772,8.2551575
Mrs. Cynthia Taylor,41,0839 Courtney Spring Suite 699,Jennifershire,Montana,70934,-143.051710,-57.641413
Jeffrey Brewer,58,9285 Kendra Lake Suite 844,West Territown,Massachusetts,23879,77.938455,-3.619202
Nancy White PhD,57,27160 Brooke Extensions Suite 605,Kentmouth,South Carolina,73546,149.973021,19.858854
Sara Hart,33,7630 Monique Trail,New Sarah,Oregon,39951,-38.726417,-52.2788505
Sarah Tate,76,10570 Holt Village,North Jasonfort,Iowa,38845,-29.080651,-63.562148
Michael Christensen,42,568 Williamson Lock Apt. 147,Bryantport,Minnesota,53966,-4.445826,55.8620925
Alejandro Thomas,46,931 Wilson Prairie Apt. 896,Port Kathy,Utah,07152,12.221185,70.6110515
David Watson MD,37,1166 Andrea Street Suite 581,Daltonstad,Nebraska,72963,-88.008855,-7.869147
Krista Preston PhD,21,21807 Welch Rue Apt. 856,New Bonnie,Florida,65904,-60.957692,8.0409075
Shannon Walker,50,632 Christine Plains,Kennethburgh,North Carolina,46647,-28.010876,-38.7258475
Catherine Lee,66,22885 Ellis Summit Apt. 676,East Michael,Delaware,70091,75.653835,52.573812
Mr. Edward Porter,18,0190 Ross Greens Apt. 930,Moranville,North Carolina,76708,-157.212390,-63.5362435
Arthur Ewing,80,957 Jeremiah Square,North Douglas,Idaho,58618,65.664126,17.3380925
David Ware,41,6503 Bray Dam Suite 654,East Rhonda,New Mexico,50981,-50.684578,-18.1444205
Carolyn Wade,70,6513 Timothy Alley Suite 094,West Michaeltown,Wisconsin,25160,-156.440153,28.195286
Cynthia Quinn,40,5662 Perez Village Suite 493,Ibarraburgh,Vermont,79248,-71.385545,22.058741
Michelle Walker,36,423 Ronald Mill,East Jasonbury,South Dakota,11088,177.184696,-22.2655265
Thomas Hull,56,20132 Susan Plain,Williamshaven,Kentucky,43179,-31.707030,-33.748251
Darlene Juarez,32,63486 Heidi Junctions,Kellymouth,Rhode Island,82862,-56.848476,19.160266
Mr. Tyler Richardson,48,21534 Watson Turnpike Suite 308,Garciatown,Wyoming,69915,-116.901409,12.6106835
Lawrence Lopez,18,412 Justin Parkways Apt. 840,Joneshaven,Pennsylvania,74889,110.421622,11.593172
Michael Ortega,44,1028 Byrd Estates Suite 107,Dianeshire,Missouri,63533,-146.248093,84.788780
Angela Gonzalez,61,3189 Flores Gardens,South Laurenborough,Ohio,78088,168.313611,43.4204425
Lauren Smith DDS,54,2970 Hensley Walk,Lake Kenneth,Connecticut,38835,2.413887,-22.086930
Rodney Kennedy,61,49246 Michael Drives Suite 151,Grantfurt,Georgia,24937,-44.998931,32.4524905
George Hernandez,40,791 Davis Cliffs,Lake Heather,Nebraska,66604,-8.498752,51.0934725
Shari Davis,33,52116 Schneider Causeway Suite 704,North David,South Carolina,52312,88.498233,22.915708
Susan Jones,69,475 Deborah Underpass,Robersonville,Minnesota,81387,144.952930,-29.7168855
Stephanie Hoover,66,606 Duncan Green Suite 474,West Jackberg,Missouri,73919,146.329471,-64.144391
Tony Collins,62,261 Lisa Lane,Port Todd,Connecticut,22480,-20.313928,-46.6967045
Jerry Malone,18,200 Luis Parkways Suite 658,Karenshire,Montana,51430,107.267706,-12.1981055
Michelle Fields,29,3164 David Village Apt. 919,North Zacharystad,Oregon,99239,87.463546,-38.7130575
Kristen Paul,68,86434 Kristina Lake Suite 498,Lake James,Maryland,68942,-167.238442,-6.466615
Barbara Cook DVM,31,06364 Jimenez Ferry,Ambershire,Virginia,10305,152.688033,23.1240695
Tina Villarreal,43,454 Justin Tunnel Suite 418,West Sandra,West Virginia,35609,-106.402696,-1.6466295
Gavin Odom,54,23621 Schwartz Rapids Apt. 930,Clinefort,Illinois,61256,-31.378643,17.691539
Michael Moreno,54,5540 Lee Loop,North Charlotte,Louisiana,90457,110.853897,-24.681631
Angela White,20,226 Michelle Crossroad,Francoland,Indiana,30742,96.181463,9.4742915
Christopher Bass,60,9699 Kimberly Prairie,Holtton,Pennsylvania,33297,53.306691,-73.2565425
John Thomas,18,34868 Dustin Mission,Garretthaven,Virginia,99755,-124.911785,81.714929
Victoria Hill,40,08823 Vaughan Mill,Barnesshire,Delaware,78123,44.081438,-86.8231965
Meghan Davis DVM,54,681 Rachel Locks Apt. 055,Lake Courtney,New Jersey,32939,-81.427433,86.3938985
Pamela Mcintosh,66,9544 Gallagher Curve,Evansborough,Kansas,23550,-46.830630,18.2181555
Amanda Campbell,24,309 Carter Branch,Lisaton,Pennsylvania,25374,0.778404,39.192116
Kimberly Brady,20,069 Joseph Walks Apt. 744,Joneshaven,South Carolina,49384,80.185860,46.0218355
Donald Pena,22,916 Paul Pine Apt. 857,South Danafort,Nebraska,83406,-156.691343,-58.480360
Joseph Aguirre,52,96500 Wendy Village Apt. 713,South Jamieland,Illinois,96134,50.087153,-9.652581
Ryan Escobar,50,90907 Richards Well,Lake Michaelview,Hawaii,10557,147.866485,-89.5491145
Emily Decker,38,716 Julie Locks,Port Sarahside,Colorado,32680,71.248198,56.839049
Kevin Santos,63,3418 Schultz Branch,South Teresa,Massachusetts,75408,107.100688,-19.113752
Rebecca Washington,38,828 Michael Rest Suite 781,Jasminestad,Maine,07895,-112.279178,40.7831225
Natasha Miller,40,2841 Thomas Canyon,Jermaineton,Nevada,61043,-143.126317,-16.505788
Glenda Morrison,74,3168 Evan Tunnel Apt. 835,South Ricardo,Maine,07266,60.264360,19.4602375
Donna Molina,60,686 Holly Corner,Keithstad,California,39981,-50.635173,74.8221705
Roger Murphy,26,7907 Morgan Parkways Apt. 571,North Lancetown,Pennsylvania,31268,36.988571,-18.673960
Kelsey Morales,61,555 Simmons Drives,North Valerie,North Carolina,85655,-141.780145,15.118256
Michelle Bradford,79,8931 Michele Fords,Sarahside,Wisconsin,42586,-173.443145,-56.5639235
Monica Hernandez,44,8283 Timothy Field,North Tammy,Alabama,41728,51.754955,-89.8082695
Beth Jones,76,156 James Cliff Apt. 634,Sarahton,Delaware,35848,-44.970674,77.8927405
Gina Owen,50,292 Nolan Forks Apt. 399,Stephanieland,Nebraska,28739,135.873378,-47.2062785
Mrs. Kaitlyn Smith DDS,77,656 Nicholas Plaza,Alextown,New Jersey,80541,-40.773662,46.630798
Gina Nichols,50,7717 Cunningham Points Suite 833,South Maurice,Massachusetts,30580,72.927649,-74.631856
Sydney Roman,68,9420 Henson Mill Apt. 512,Christopherville,Utah,71752,-38.266275,0.699750
Eric Fisher,42,1524 Victoria Village Apt. 502,Timothyview,Minnesota,95560,-173.825546,33.2148435
Brooke Ortiz,67,29777 Shannon Plain Apt. 458,Williamsberg,California,10835,-46.184943,2.824985
Denise Lee,36,556 Brandy Plain,East Gary,North Dakota,01020,-15.027028,-33.614676
Lauren Marshall,39,16138 Case Pike Apt. 279,Port Jenniferfort,Connecticut,15026,116.576217,-42.8479195
Rachel Phillips,56,10556 Richard Meadow,East William,North Carolina,66039,33.779824,65.8407165
Meredith Smith,22,535 Sandoval Oval,Mosleyside,Vermont,63281,-50.547198,-40.999179
Marc Mason,53,130 John Throughway,Cannonberg,Nevada,91455,144.905260,46.794402
Ricardo Anderson,54,753 William Common Suite 424,Michaelmouth,Kentucky,38115,-82.198411,37.437324
Elizabeth Skinner,22,160 Sean Trafficway,Lake Kevin,Massachusetts,79236,-171.487439,57.498685
Ashley Padilla,42,38790 Kathleen Center,West Laurie,Maryland,23891,-154.331454,35.1378895
Howard Ritter,67,366 Amber Forest Suite 043,Lake Jacob,Kentucky,61935,-43.242088,73.9947145
Richard Carpenter,40,44933 Carrie Tunnel Suite 907,East Vanessa,Maryland,65416,-53.549223,-59.9968625
Melissa Johnson,34,66937 Amy Bypass Apt. 242,Lake Aaron,Hawaii,01355,70.801485,-1.5241035
Leslie Ramirez,41,5690 Christensen Alley Suite 353,East Nathan,Michigan,51931,-78.430037,76.734569
Alexis Sanchez,38,723 Jeremy Vista,Lake Pedro,Arizona,90506,-178.903042,-7.9714305
Melissa Lopez,62,315 Parker Parkway,Johnshire,Hawaii,63038,-79.468026,-30.3089145
Edward Whitehead,52,025 Stewart Summit,East Robert,Tennessee,53507,-106.773208,-54.832783
Monica Carter,31,20285 Timothy Burgs Suite 161,Stephaniefurt,Pennsylvania,12775,-90.659703,-77.9868145
Steven Rios,29,73913 Gabriel Stravenue,Jasonhaven,Louisiana,18115,-124.496294,-69.886470
Ryan Richard,56,29372 Miller Ways Apt. 083,Rickymouth,Iowa,19801,-170.912411,-55.383463
Kayla Ortiz,48,6104 Joseph Loaf,North Bonniefurt,New Jersey,38334,-62.385961,-62.0054285
Samuel Zimmerman,57,86245 Griffin Hill Suite 876,Loriburgh,Maine,33828,125.443802,-83.811006
Amy Holland,71,833 Price Path Apt. 675,Daviston,Maine,30124,-173.194263,75.172307
Keith Phillips,56,9906 Martin Ridge,Port Robertburgh,Louisiana,12410,45.276364,-24.6408365
Jason Reyes,35,205 Huff Forge,East Amanda,Montana,72448,-105.844693,-42.695966
Michael Goodman,51,64020 Kimberly Wells,North Mollychester,Arkansas,26128,33.692701,-3.8899025
Julia Lee,75,0030 Robert Greens,New Justinborough,Nevada,86900,-80.056347,9.6210095
Tonya Price,38,2537 Andrew Drive,Brandonchester,New Jersey,80389,-153.110570,80.3678775
Jeffrey Jones,47,010 French Rue,New Sarah,Massachusetts,93855,-100.184891,20.137198
Lisa Russell,80,096 Patrick Mountains Apt. 530,New Christopherberg,Virginia,06760,116.363667,14.7751205
Kathy Levy,48,62436 Wanda Springs Suite 126,Melaniestad,Texas,94793,72.302399,33.212087
Jessica Richards,43,56339 Larry Trafficway Apt. 605,Gordonfurt,Hawaii,64683,-177.123101,12.542888
Samuel Crawford,73,8163 Sara Pass Apt. 337,Wattsfurt,Kentucky,28378,-3.770126,-72.3175335
Wendy Sims,33,39215 Lin Ports Apt. 353,South Matthew,Virginia,44973,-76.835209,-72.219158
Tammy Stevens,33,2848 Grant Loop,Margaretland,Virginia,39227,-176.708787,32.576013
Robert Duncan,61,86628 Amanda Course,New Rebecca,Oregon,20061,107.340469,30.894203
Kari Ramirez,78,0175 Vega Summit,West Stephanieburgh,Arkansas,21710,46.356553,-53.344466
Elizabeth Schultz,53,11485 Sanchez Alley Apt. 690,Craigfort,Wyoming,56384,-78.903242,18.111155
Emily Chang,32,373 Burnett Rest,Lake Robert,South Dakota,22583,-168.744191,-53.380606
Alexander Barnett,23,1816 Jonathan Islands,Joshuamouth,Mississippi,90125,-154.440634,-57.7198835
Darrell Miller,18,04508 Victoria Roads Apt. 442,North Daniel,New Jersey,61106,118.877680,54.438436
Cory Martinez,78,690 Villegas Lights Suite 452,Jonathanburgh,Rhode Island,14519,74.797419,87.428800
Raymond Bowers,73,1261 Theodore Cliffs Apt. 534,Cummingsshire,Arizona,68069,-131.164031,-12.356221
Randy Mack,65,673 Jose Locks,Nicholastown,Idaho,54876,-28.165114,-88.844923
Julia Morgan,28,462 Miller Summit,South Susan,Alaska,94601,172.758416,65.4541685
Joseph Leon,75,94327 Mays Port,Boydview,Ohio,08119,-114.395423,56.5487185
Amy Schmidt,65,358 Mooney Bridge,New Robertfurt,Utah,25215,21.595100,49.0372535
Mitchell Andrade,37,15663 Martin Rapids,Adkinsstad,Tennessee,07984,87.927140,3.7737305
Michael Adams,49,08928 Matthew Station,Port Terriberg,Montana,25405,-80.355280,21.451175
Michael Levine,37,5310 Andrea Locks,West Tammyshire,Rhode Island,38231,65.089518,78.6654025
Douglas Kent,79,90035 Krystal Flat Suite 424,Lake Katelynmouth,New Jersey,14772,-159.928985,-0.052576
Kelly Soto,80,7086 Adams Union,Port Jeremychester,Montana,83625,-115.942024,14.9077075
Bonnie Hood,71,3729 Evans River,South Tammyfort,New Hampshire,90552,-123.133507,-81.700020
David Soto,60,8100 John Ports,South James,Minnesota,43541,109.273624,-63.532131
Joseph Pugh,66,94863 Tiffany Garden,North Teresa,California,92495,117.658864,82.3221835
Matthew Johnson,57,13619 Bartlett Cliffs Suite 179,New David,California,25958,-56.308450,-24.608424
Eric Gallagher,42,1475 Lawrence Islands,Bridgetfurt,Louisiana,74991,-76.889167,-8.3873155
Andrew Klein,72,52825 Gonzales Pine,Christinachester,New Jersey,07146,149.169691,-82.840350
Anthony Davis,22,194 Jessica Spurs Suite 275,Katelynborough,Georgia,59806,135.553387,-43.5065905
Jessica Parker,78,243 Wanda Fork Apt. 351,North Collin,Pennsylvania,32593,-161.333463,40.912339
Julie Gonzales,71,7623 Sean Villages Apt. 231,Daviesmouth,Pennsylvania,90992,168.451645,-30.7417175
Penny Hall,60,873 Anderson Expressway,Lake Deborah,Nevada,52878,-92.873867,-57.827273
James Liu,64,4488 Lee Flat,North Melissaside,Vermont,92791,-179.854888,59.839089
Linda Perez,41,8873 Wood Shore Apt. 884,North Amanda,Missouri,88382,-155.484974,-42.5546795
Kevin Johnson,55,0103 Michelle Glen,Port James,Florida,84578,69.603039,42.053031
Larry Beck,40,21060 Taylor Course Suite 892,Lake Daniel,New York,56321,-154.150119,74.2677185
Susan Martin,19,2771 West Estates Suite 638,West Georgehaven,Missouri,82197,-22.951400,8.4105965
Donna Melton,26,1631 Sarah Plaza,Johnchester,Massachusetts,70806,-55.220154,-10.731863
Amanda Barnes,37,63091 Emily Glens,North Stacey,Michigan,64058,11.828049,68.9421555
Sharon Alvarez,44,3022 Eaton Inlet,Maryside,Massachusetts,37041,-176.021921,89.7272965
Lisa Miller MD,39,2352 Conner Forks,Wigginschester,Mississippi,81639,-19.533337,66.718665
Sarah Wu,26,6327 Rodriguez Passage Apt. 413,Powellton,New Jersey,18132,56.154232,42.6035445
Walter Campbell,43,44247 Gutierrez Ville Suite 348,East Justinmouth,Georgia,18610,-44.579550,68.7372155
Natalie Fitzpatrick,45,523 Brown Mission,South Virginiaton,Wisconsin,87204,-124.535538,-5.8928725
Adrian Hale,69,5102 Rodriguez Pines Apt. 975,West Christineton,North Carolina,04656,-141.223192,15.7889345
Ruben Palmer,26,5587 William Cape,Lake Edwardberg,Arkansas,46778,-100.070662,72.091716
Yolanda Robinson,69,97935 Tiffany Road Suite 827,Port Felicia,Louisiana,15467,-121.507473,15.4771675
Dr. Stephen Henderson,68,029 Martin Row Apt. 483,Wendyland,Kansas,71297,-98.335511,79.0859325
Ronald Fox,35,951 Darrell Union,North Sarahstad,Nevada,37029,72.646087,69.994787
Austin Carrillo,29,274 Davis Camp Apt. 676,Moranmouth,Kansas,68944,-74.848003,40.445897
Krystal Salazar,69,113 Daugherty Creek Apt. 928,Lake Nathanberg,Oklahoma,86661,163.016408,41.9182885
Ryan Reed,76,29457 Donna River,Schneiderchester,Connecticut,98858,-72.082107,-35.4959075
Wanda Watson,44,2960 Sheila Common Suite 227,Clarkton,Rhode Island,67241,62.215339,-0.430062
Mr. Aaron Duncan,57,2747 Reyes Burg Apt. 315,Lake Mason,Nevada,77924,103.051427,84.3531715
Christina Fields,63,942 Craig Pass Suite 767,Lake Michelebury,Tennessee,23747,107.814914,13.894079
Jennifer Tran,38,323 Frank Mews Apt. 310,Port Kristen,Missouri,02355,54.375395,76.6776005
Thomas Lewis,35,852 Jones Cliff,Richardhaven,Arizona,66091,175.555505,-59.8085485
Kimberly Armstrong,59,389 Kevin Lodge Suite 164,East Samanthaland,Kansas,22064,-22.434525,-42.0711945
Jesus Woodward,22,3673 King Hill,Lake Jesse,Delaware,74975,-88.407763,-42.8212545
Blake Stephenson,56,0659 Campbell Knoll,East Lawrencemouth,Massachusetts,81825,-103.276866,-49.552968
Scott Becker,23,3702 King Glens,Lake Theresaview,Colorado,47387,38.132345,-19.427786
Katelyn Gallagher,56,78262 Edwards Ranch Apt. 207,South Terriborough,Montana,50194,-122.774086,10.025013
Melissa Nolan,37,50386 Johnson Meadow Suite 418,Port Kellystad,Michigan,88460,-51.051616,-88.316239
John Singleton,67,481 Shane Crescent Suite 538,Aprilton,Maryland,18594,89.496827,64.1530835
Mrs. Kristin Huff MD,53,67496 Cody Valley Suite 954,North Julie,Oklahoma,07536,-173.509143,52.362849
Julie Novak,31,66645 Brittany Fords Suite 214,Kyleville,West Virginia,74495,48.057349,-75.5457495
Andrew Powers,29,1273 Jamie Plaza Apt. 435,South Travis,Idaho,53168,-80.671171,-34.946393
Kyle Hester,56,3656 Maria Extension Suite 536,East Thomas,Oklahoma,44615,-101.225112,44.254953
Makayla Carey,49,88001 George Fall Apt. 554,Longview,Indiana,21410,84.523941,-52.6142815
Tracy Smith,55,5753 Anderson Crossroad Apt. 960,Landryton,Georgia,27547,-153.343883,4.730765
Marissa Cook,47,682 Soto Street,West Stephanie,Michigan,37883,73.248527,39.308983
Rhonda Baker,78,03117 Calvin Glen,Pruittton,Utah,15443,61.300304,-72.0018065
Lisa Butler,63,68202 Ford Stravenue Apt. 358,South Paul,Virginia,28541,-48.595451,-44.215534
Dylan Franco MD,25,3227 Williams Spurs Apt. 365,North Mary,New Mexico,16727,-74.279598,-68.6937205
Derek Mueller,29,5335 Steven Stream Suite 875,Graymouth,Delaware,29302,174.852924,6.1138815
John Clay,42,965 Armstrong Union,Charleston,Michigan,63670,-15.903003,28.530210
Michael Werner,72,7189 Martinez Ramp,West Andrea,California,06423,35.201481,-78.1941025
Bobby Hill,23,90600 Patel Springs Apt. 222,Lake Patriciaberg,Colorado,50783,-173.468421,-64.0686925
Mrs. Melanie Beard,52,608 Murray Springs,New Jack,Maine,07587,-147.999551,51.903111
Jeffrey Garcia,49,53691 Moore Viaduct Apt. 888,North Pamela,Arizona,15353,-56.791742,37.626379
Abigail Garcia,30,60476 Graham Glen Apt. 095,Buchananport,New York,76321,169.766627,-67.4272315
Daniel Estrada,43,4191 Patricia Stream,Meghanbury,Alabama,44824,-27.455597,-15.4213095
Rachel Wood,28,2286 Cathy Mews Apt. 329,West Wendyton,New Jersey,59679,-158.091994,-77.690141
Alicia Wilkins,26,826 Cameron Village Suite 755,East Jessemouth,Delaware,92833,-156.217341,7.3057335
Brian Warren,50,702 Lopez Hollow,Jacobshire,Missouri,22985,-67.926229,-11.708653
Alicia Booker,38,665 Martinez Stream Apt. 158,West Heidi,Mississippi,80227,26.420271,14.6377835
Melissa Webster,56,5878 Patterson Highway Suite 816,Heatherburgh,Ohio,98620,168.539947,-24.0685105
Micheal Hill,23,5345 Galloway Forges,Porterfurt,Pennsylvania,45901,94.752373,11.7544185
Jennifer Davis,58,726 Martin Drive Apt. 512,Lake Juanmouth,Alaska,86569,-32.583053,-21.028739
Jeremy Johnson,46,9921 Velasquez Drives,North Rachelport,New York,91935,-46.620295,1.1545255
Joanna Davis,51,328 Samuel Ridge,North Helenburgh,Maryland,65118,-107.377946,-41.896511
Laura Stout,39,17584 Medina Lights Apt. 139,North Deanville,Arkansas,29427,-71.917986,75.409247
Andrew Perkins,32,31447 Krueger Field Suite 175,Michaelland,Louisiana,00754,92.595029,68.4105455
Alexander Hernandez,70,71342 Lucas Throughway Apt. 568,West Alicia,Illinois,55281,123.067889,-84.847670
Anthony Wilson,58,14904 Gardner Alley,Cantrellport,Michigan,00962,-36.084852,4.9392625
Krista Martinez,41,2089 Erica Mission Suite 851,Amyfort,Michigan,66157,13.771004,-71.305451
Melissa Novak,18,4243 Lowery Ford,North Steven,Alaska,86409,-132.997139,-51.216249
Danielle Vega,37,82957 Baker Forge Suite 892,Santoston,Hawaii,48428,-147.251454,-79.6633195
Charlene Garrison,28,970 Lopez Track,Allenland,Nebraska,05787,86.825959,30.5141905
Gregory Miller,48,054 Hansen Vista Suite 065,New Vanessa,New Jersey,62518,-104.460596,-30.483500
Cheyenne Phillips,32,104 Melinda Stream,East Mindyton,Alaska,85766,76.499758,2.878517
Alexander Clark,53,45884 Mark Drives Apt. 278,North Tommy,California,32966,9.950906,-45.5915085
David Rowe,44,70127 Simmons Shoals,Lake Melissaview,Georgia,00588,-131.379731,-14.445849
Elizabeth Rhodes,41,283 Christie Squares,Lake Matthewport,Nevada,44532,-0.161758,-45.1549745
Adam Snyder,21,95993 Johnson Port Apt. 432,East Erika,Wyoming,94210,-61.816608,89.4439025
Joseph Villarreal,78,01895 Rebecca Garden,Keithchester,New York,46787,-97.442695,-55.496681
Patrick Brennan,49,47636 Mark Parkway,Danielberg,Wisconsin,11152,6.711954,-39.6289885
Rachel Hernandez,51,76292 Hughes Plain Apt. 147,Port Jeffreytown,North Carolina,33720,-162.686271,15.6961895
Jill White,75,81050 Benjamin Mews,South Stephenburgh,Ohio,85468,36.007660,57.7208655
Kimberly Garza,74,3243 Smith Spurs Apt. 910,Stewartland,Colorado,36519,-55.429936,-22.6742975
Karen Sutton,45,77868 Holland Bypass,New Hannah,Tennessee,91284,-144.154409,-34.430447
Susan Bates,25,75490 Williams Inlet,Michaelchester,Indiana,20371,157.540657,-52.698284
Jennifer Reyes,60,89818 Meadows Hill Suite 524,Ramirezchester,Washington,42792,170.644640,14.610552
Mark Davis,65,7295 Tony Vista Suite 609,Michaelburgh,California,12041,131.388118,-85.008844
Melissa Moreno,35,804 Jimenez Junctions,Lake Charles,Florida,01940,89.818910,-77.371254
David Mccarthy,72,2567 Charles Flats Suite 065,North Maurice,Washington,72505,162.549806,-65.791600
Mary Fernandez,28,3607 Kennedy Shoals Suite 519,Juanville,Ohio,62450,-119.205381,64.4731455
Monique Doyle,61,429 Haynes Knolls Apt. 279,Foxmouth,Pennsylvania,28294,117.234888,56.235244
Penny Murphy,37,33818 Kristen Tunnel Apt. 586,East Tylerside,Massachusetts,81948,107.709208,-25.747320
Cameron Case,50,58291 Stark Centers,Lake Lynnberg,Kentucky,73516,54.906535,-10.0582255
Michael Jones,54,9935 Mark Circle Suite 638,North Danielle,Nebraska,96458,161.393245,41.7163155
Lauren Gonzalez,76,48678 Walker Fields Apt. 917,West Barrytown,Michigan,87783,22.571786,43.980146
Valerie Mccullough MD,28,632 Schneider Trafficway Suite 610,North Christinaburgh,South Dakota,34400,-102.774619,-53.8067065
Thomas Alvarado,73,54414 Brian Garden,Davidmouth,Minnesota,11464,2.605808,46.997128
Crystal Cruz,20,42024 Diaz Lake Suite 254,New Christopherport,Louisiana,68079,39.031756,56.339088
Erika Wong,28,91114 Lisa Ranch,Stephanieton,West Virginia,15594,-3.478439,-53.6035445
Judy Bradford,46,131 Cline Curve,Aliciachester,Oregon,80859,-92.039629,-33.1493695
Mr. Donald Graves,33,7828 Christina Springs,East Yolandatown,Alaska,00536,66.193764,-51.7207085
Paul Glover,44,46908 Carlson Skyway,Williamsmouth,Montana,02239,-54.253605,7.816043
Danielle Parker,34,133 Mejia Ford,Lawrenceland,Kentucky,51790,-59.685545,88.3125045
Patricia Brooks,22,2807 Mcneil Knoll Suite 145,Port Denise,Wisconsin,57954,123.954343,-72.3925175
Andrew Allen,57,156 Martinez Harbors Suite 688,East Gracemouth,Vermont,58331,92.344682,33.730586
Jared Stephens,69,636 Davis Junction Apt. 628,Port Valerie,New Hampshire,45035,-19.401353,86.178600
Joy Herrera,40,899 Maureen Heights Apt. 268,Olsonburgh,Alaska,70547,-114.036254,-66.088144
William Olsen,75,8712 Peter Forks,South Jessicaport,Alabama,88354,174.937769,-18.532574
Gregory Austin,64,477 Michelle Forest,Jeremiahfort,Maine,49399,67.337574,65.777226
David Ward,67,4415 Mitchell Wall,Walterborough,Mississippi,93936,-139.497460,-67.678406
Jonathan Nelson,43,5119 Elizabeth Mount,West Tylerchester,Ohio,49926,-140.744663,47.270995
Michael Bird,80,9900 Cervantes Avenue Suite 094,Doylehaven,South Carolina,34421,128.847574,61.014485
Nicholas Johnston,27,1874 Jennifer Keys,East Julieborough,Texas,60726,-0.502713,66.016814
Stephanie Dean,27,44955 Daniel Groves,East April,Massachusetts,12580,142.679796,-75.499473
Megan Christensen,67,745 Stephanie Crescent Suite 995,Port Carolyn,Delaware,85651,15.857532,8.4973575
Sean Johnston,54,766 Miller Roads Apt. 300,Joelstad,Wyoming,11611,-139.353013,21.3960985
Shawn Sanchez,35,17250 Colton Stravenue,Alexanderside,South Dakota,70117,73.567192,-56.8934235
Mr. Alexander Foster DDS,68,088 Jones Passage,Briannabury,Nevada,38242,155.033537,24.814576
Mary Whitehead,22,36532 Lindsey Mountains Suite 930,Lake Andrewville,Alabama,76996,19.342414,-68.6546125
Dawn Bradford,63,89897 Danielle Stravenue,North Christiantown,Colorado,81506,14.516229,-69.3099225
Roy Mcmillan,49,6985 Cassandra Rapids,Armstrongland,Hawaii,93052,-163.262987,-65.4621165
Donna Salazar,35,3573 Jason Alley Suite 149,Taylormouth,Tennessee,05049,-25.644128,-54.520665
Kevin Duncan,68,30086 Blevins Vista,Lake Anthonyshire,Connecticut,81910,-87.746793,45.2990535
Greg Dean,61,69238 Cooley Village,East Micheal,Florida,82890,-142.122059,-26.0714195
Jeffrey Mckay,30,5368 Chan Mountain,Lake Natalie,Rhode Island,55236,-1.119404,77.7575035
Paul Burton,56,00624 Tyler Ports Suite 884,Parkertown,Arkansas,84209,172.403685,-11.343214
Seth Williams,49,120 Anderson Point Apt. 052,Alvinchester,Texas,43599,61.216884,7.355610
Crystal Spencer,55,982 Knight Greens,Dennistown,Oklahoma,00881,-36.645591,-64.283105
Mary Rodriguez,80,47006 Petersen Curve Apt. 107,New Janicehaven,Indiana,06809,-132.984764,-40.029756
Jenny Anderson,30,9476 Rebecca Mountain Suite 778,New Elizabethborough,Oklahoma,44468,-15.476781,10.230496
Crystal Vazquez,41,49080 Leslie Neck,West Melissamouth,Georgia,30094,-145.577853,82.932722
Brittany Sanders,33,5353 Sutton Throughway Apt. 654,New Shelleyville,South Dakota,79357,-70.410868,88.4793525
Justin Wood,60,778 Justin River,Ericland,Vermont,72208,120.547926,-76.0956355
Adam Myers,26,4970 Joseph Mountains,Gatesview,Alaska,84736,-112.784944,-44.8695945
Jamie Rivera,20,7642 Maria Extension Apt. 601,Barnesmouth,Utah,91787,-127.739756,58.070924
Joseph Crane,72,4478 Rhodes Harbor,Port Joseph,Oregon,17958,102.416454,76.344188
Jonathan Gonzalez,22,992 Sylvia Trail,Davidton,Indiana,85332,-38.385551,-33.2651785
Veronica Yates,68,2542 Baxter Squares Apt. 125,South Tonyborough,Arkansas,44512,37.048057,-74.9369505
Emily Adams,51,06024 Christina Mountains,Burkefort,Indiana,93729,106.541576,50.8734395
Dr. Christina Schneider,60,10320 Patrick Spring Suite 184,Jimenezmouth,Maryland,96829,148.657244,75.122985
Matthew Leonard,41,510 Penny Mews,Dustinport,California,77919,130.262572,70.4061055
Jonathan Jones,55,0581 Thompson Junction,Port Brian,Montana,58708,164.747722,-64.716532
Elizabeth Collins,42,31587 Nelson Lakes Apt. 748,New Jose,Missouri,97397,85.898955,-41.079854
Christina Collins,51,8477 Travis Gardens,Johnsonland,Connecticut,52571,75.824770,41.3887255
Eddie Mcmahon,43,310 Danielle Ways,Catherineville,Oregon,27239,-158.862213,-40.8880305
April Carlson,26,4730 Angel Trace Apt. 254,Port Rebecca,New York,54304,1.429123,33.0536025
Tyler Fleming,75,589 Perez Street Suite 084,North Jenniferstad,Utah,96634,-178.520867,-34.321867
Angela Zavala,18,7710 Jennifer Shoal,Lake Joseph,Tennessee,95618,-90.870835,-27.7809715
Susan Carlson,45,053 Brandon Wells,Kimberlystad,Oregon,86786,-135.558466,-14.894595
Christian Anderson,29,844 Lisa Coves Apt. 501,Lake Dominiquechester,Wisconsin,18001,153.279964,-57.5601655
Joyce Taylor,22,376 Meghan Corner,Averyville,Alabama,57421,157.498914,-65.665161
Mark Williams,77,3143 Marks Orchard Apt. 629,New Patricia,Iowa,57992,-84.198381,-28.303808
William Miller,56,25918 Nelson Shoal Apt. 156,East Spencer,Rhode Island,21056,167.522825,-20.3658985
Scott Fitzpatrick,76,6657 Key Stravenue,Justinstad,Delaware,88645,-146.297363,-52.8888645
Brenda Gomez,60,2539 Lisa Mountains,Deannatown,Oregon,64185,-77.161698,-36.6700655
Shannon Craig,55,4942 Johnson Gateway Suite 817,Port Heathershire,Texas,58803,133.003122,-16.913825
Gabriel Lewis,38,06820 David Camp Suite 697,Lake Christopher,Oregon,19645,92.724680,51.063051
Jorge Arellano,70,96293 Walsh Lodge Apt. 504,Sethshire,California,64450,68.135511,31.4620225
Adam Garcia,30,84123 Ricky Union,Jessicatown,Hawaii,55739,95.808765,58.7799695
Dr. Bryan Hayes MD,29,996 Jenkins Loop,South Brittany,Washington,86592,-108.905098,-29.4053505
Lindsey Hood,69,96895 Franklin Union,East Kendraview,Indiana,10665,-27.153174,60.896539
Benjamin Brown,21,883 Patrick Burgs Apt. 875,East Antonioport,California,74787,154.682901,-21.642221
Julie Phillips,71,6360 Vanessa Run,North Patricialand,Montana,73672,-129.301867,34.343783
Gavin Benitez,54,62978 Espinoza Loop,Port Charles,Oklahoma,33070,122.060512,47.9229705
Dustin Robinson,33,738 Brown Flats,Stevenport,South Carolina,87896,62.135085,-68.619971
Richard Hughes,50,79145 Jennifer Parkway Suite 560,Charlesfort,Hawaii,00591,-26.153658,19.798721
Ethan Mcmahon,24,8735 Eaton Springs,North Rileyhaven,New Jersey,44463,-82.457097,44.3249935
Brian Sparks,35,1731 Ronald Junction Apt. 770,Carriefurt,Arkansas,32059,68.694354,12.583819
Garrett Johnson,65,55018 Anita Ports,Lake Nancy,Idaho,78079,80.379471,-26.8918495
Tyler Williams,41,8159 Powell Parkway Suite 297,South Sandra,Vermont,75446,-132.489192,26.301318
Luis Morris,77,991 Rush Ports Suite 028,East Albertfort,Tennessee,92021,69.545371,57.668603
Edward Johnson,37,819 Ellen Summit Apt. 564,Rachelside,Connecticut,87482,-166.871881,-59.326655
Michelle Smith,59,8933 Robinson Flats,Watkinsmouth,South Carolina,25239,-13.557634,-53.807192
Destiny Jones,61,44936 Michael Unions,East Courtney,Tennessee,10513,19.478435,34.1613285
Deanna Peck,19,481 Wood Place Suite 937,Christinashire,California,41830,166.234302,-53.6910905
Juan Chang,25,353 Stein Station Suite 426,West Amandamouth,Vermont,63555,6.818471,46.686634
Alex Nguyen,70,9124 Stewart Ports Suite 026,Rivasport,Indiana,68224,-83.011852,-68.4498725
Joseph Miller,45,0803 Jackson Knoll,Brookshaven,Indiana,86732,-12.554987,-74.6661075
Amy Miller,78,81162 Woods Walks Apt. 755,South Michaelborough,Virginia,08823,-88.803303,81.827438
Erica Young,52,480 Foster Drive,Jamieberg,Oregon,91226,-12.146803,-66.763626
Jason Glenn,77,73391 Arnold Club,East Richardshire,Kentucky,04063,-101.775689,43.3620615
Mr. Stephen Dixon,22,070 Mueller Parkways,East Tracyburgh,California,19139,-74.952532,-77.1744555
Sandy Sanchez,64,77561 Thomas Forges Suite 708,Port Brett,Louisiana,17342,-22.181074,20.5403125
Cody Ortiz,78,82356 Graham Freeway,East Melissa,Iowa,03906,-167.295055,15.472018
Walter Baxter,37,29811 Laura Path,Michaeltown,Louisiana,29333,30.924044,51.005938
Travis Carter,73,619 Tina Viaduct,Leahport,Texas,45909,-174.800222,-44.916340
Jane Robinson,41,012 Joseph Hills Apt. 378,Christinaburgh,Michigan,81044,21.182480,-58.575059
Dillon Thomas,38,73242 Alexander Mountains Suite 345,New Garrett,New Jersey,90660,-101.927957,-52.6370365
Shawn Torres,73,8534 Thompson Extension Suite 388,Skinnerbury,North Dakota,59461,-136.252997,-61.622204
Janet Smith,28,8162 Christy Alley Suite 066,Stoneview,Virginia,85918,-0.853284,-80.192148
James Pitts,75,1393 Hernandez Fork,West Aliciahaven,Alaska,56729,173.897556,-79.586225
Amy Nichols,43,207 Bryan Avenue Suite 339,Lake Alyssa,Hawaii,04016,57.424127,-67.3990755
Jason Lopez,29,8006 Anderson Overpass,Rebeccafurt,Colorado,85550,-53.439505,20.957948
Nicholas Garcia,75,5252 Robert Pass,South Jacob,North Carolina,32620,123.308198,0.628205
Linda Valdez,38,4253 Glenn Cliffs Suite 836,East Brittany,Mississippi,88086,-24.258447,72.7798135
Jennifer Williams,38,0792 Gregory Cliffs Suite 366,Ericton,Alaska,37157,117.017312,-0.050392
Tonya Davis,72,7189 Alvarez Mountains,South Christopher,New Hampshire,00962,-58.174026,5.482904
Tracy Barnes,36,531 Schroeder Underpass,East Bryan,Nevada,87781,-50.726344,-64.379345
Sandra Oliver,22,5437 Kimberly Rapid Apt. 003,West Sandraville,West Virginia,34239,-32.587359,19.179080
Justin Garza,37,753 Curtis Gateway Suite 351,Lake Larry,North Carolina,16972,78.367563,-73.822811
Tiffany Gillespie,75,4097 Jacob Knoll,New Margaretview,Georgia,05629,-118.374397,89.344606
Mary Valentine,26,2044 Adam Road,Ronaldview,Iowa,83208,32.323378,-26.824334
Mr. Benjamin Thomas MD,66,888 Cruz Mountain,Brianberg,Connecticut,67275,-71.880698,72.8377285
James Mosley,80,416 Thomas Drive,Willieview,Washington,24512,-33.500901,-8.100084
Carolyn Figueroa,49,138 Thompson Streets Suite 447,Gonzaleztown,Arkansas,97613,99.929291,47.3406295
Paul Smith,71,671 Stephanie Radial Apt. 231,Port Valerie,Arizona,36668,-21.075671,66.597137
Julia Wong,51,247 Estrada Estates,Kylemouth,North Dakota,21412,42.797071,-27.539873
Brandi Cross,77,99103 Brown Ville Suite 112,West Timothyfurt,Virginia,80576,-77.844561,-31.1785875
Alan Collins,43,59163 Phillip Track,East Karlaburgh,Tennessee,13166,-1.841092,-72.8909135
Michelle Morris,52,196 Garcia Crossing,New Davidville,Massachusetts,35595,28.300802,52.8124635
Douglas Simmons,64,926 Guerrero Plaza,Gardnerburgh,California,04908,96.663284,-37.115636
Tiffany Morrison,39,877 Jason Mountain,West Jeffreymouth,Washington,11642,-18.171551,61.420463
Dr. Kathleen Sharp,76,52840 Lynn Rue,Kevinbury,Oregon,59449,-165.076188,1.555424
Caroline Gomez,66,160 Leach View Suite 000,West Robertborough,Massachusetts,09165,11.825272,45.4757725
Amy Daugherty,49,611 Roach Row Apt. 107,Jenniferland,South Dakota,96463,63.120298,27.3467075
Julia Hawkins,22,165 Katherine Port Suite 738,Edwardstown,Arizona,31705,43.426949,24.9876735
Jonathan Hayden,39,71145 Eric Trail,Morganburgh,Arizona,21595,-65.281097,22.5901765
Christopher Rodriguez,63,594 Isabel Lodge,Henryberg,Maryland,65804,-67.023185,63.126688
Dominique Austin,65,151 Taylor Corners,Hallbury,Texas,95809,-96.476679,-74.484020
Michelle Patel,54,0184 Roberts Corners Suite 799,East Jane,Alaska,37616,40.498171,14.011046
Angela Stanley,55,0967 Williams Manors,Margaretstad,Texas,30289,29.774673,18.9762265
Cassandra Marshall,31,450 Shea Unions,Williamhaven,New Mexico,32726,34.605099,4.183729
Emily Dudley,38,1285 Angela Spur Apt. 960,Bauerville,Kansas,47148,137.531107,-1.414688
Christopher Hawkins,66,9963 Kelsey Flats,Castillofurt,Wisconsin,97687,52.881149,59.5808415
Samantha Escobar,31,12234 Karla Green Suite 822,South Darrell,Ohio,39950,45.044032,79.873545
John Anderson,46,785 Martinez Plaza Apt. 850,Stevenmouth,Nevada,52849,169.829827,25.055957
Eddie Russo,58,99159 Lee Pine,Obrientown,Tennessee,94025,-24.097775,-83.7201565
Terri Potter,26,4846 Jennifer Curve,Suttonstad,Florida,17890,-75.192783,33.854521
Vincent Andrews,63,622 Allison Port Apt. 172,New Danielhaven,Alaska,47499,-104.917068,-43.2718405
David Clayton,64,96221 Kaufman Roads,New Thomasmouth,Georgia,48607,160.790653,-83.0245615
Jacob Anderson,79,840 Hall Gardens,Millerchester,Mississippi,90278,95.665214,55.4586935
Michael Scott MD,72,291 Simmons Trail Suite 139,Meghantown,New Jersey,61997,107.111654,36.5902665
Andrew Williamson,29,935 Travis Centers Apt. 937,Meyersshire,West Virginia,62608,35.089968,-47.5221915
Jeffrey Martin,32,9633 Austin Trafficway,Earlmouth,North Dakota,33754,58.423584,89.2018305
Ronald Miller,59,70634 Carey Lodge,Griffinchester,South Carolina,63321,173.408327,81.010617
Kelly Gibson,20,896 Allen Park Suite 162,Flemingfort,New Hampshire,41993,-27.885579,-18.655292
Tina Nelson DVM,23,057 Murray Spurs Suite 510,Andersonmouth,Nevada,00948,127.751825,-88.6906075
Shannon Warren,49,355 Sanchez Station,North Sabrinamouth,Maine,02750,-117.757118,16.088729
Oscar Bridges,54,647 Hunt Knoll Suite 515,Mitchellview,Kentucky,53024,15.137575,-59.3020535
Christy Jennings,76,138 Melissa Brooks Apt. 269,South Daleton,Maine,21799,52.173939,75.813417
Arthur Gardner,25,60920 Estrada Island,Davisville,California,68892,176.146090,-66.497844
Brian Walters,18,9235 Martin Rapids Apt. 347,Kennethtown,Iowa,21752,148.487785,-11.6121085
Kevin Moran,80,425 King Stream Apt. 124,Whiteshire,Texas,37944,-150.726549,-38.9504795
Elizabeth Castillo,43,40417 Perkins Squares,Lewismouth,Montana,36766,143.937228,-87.4935045
Erik Glass,27,3428 Rebecca Villages,Sherryton,Colorado,00685,96.469077,17.496886
Tamara Rodriguez,60,34103 Darrell Loop,Port Kim,New York,33115,-29.094053,89.728851
Kimberly Mosley,27,91930 Williams Route,North Tinamouth,Vermont,58273,-66.040125,36.770162
Deborah Sweeney,76,5943 Jennifer Expressway,West Linda,Ohio,60599,164.108123,72.724471
Stacie Shaw,56,2374 Brown Mission,Fosterland,Wyoming,25193,-68.980706,-0.3866525
Randy Lee,39,03501 Luna Extension,Lanemouth,Iowa,64012,-86.067087,-37.9183725
John Matthews,76,12267 Aaron Springs Suite 517,Lake Denisestad,Nevada,93757,68.228079,13.7972625
Cameron Oneill,38,22233 Wallace Mountains Suite 182,Tuckermouth,Kansas,04193,-98.212097,-30.6842855
Meredith Hayden,50,5670 Avery Burg,Andrewmouth,Mississippi,82342,11.191173,-87.141160
Troy Harris,51,5776 Diane Isle,Conwaymouth,Montana,30527,7.061452,-24.839152
Alicia Sampson,78,6735 Simpson Curve,Mistymouth,Maryland,75960,-56.024462,-84.6370235
Robert Stephens,38,23904 Miller Junctions,Malonemouth,Connecticut,95670,-134.840476,-46.344569
Debra Cox,32,7026 Cook Mall Suite 743,Peterchester,Maryland,58797,125.431088,6.908099
Donna Nguyen,66,242 Jaime Passage Apt. 583,West Joeberg,Texas,87483,102.946658,-88.358632
Daniel Sutton,24,62776 William Stream Apt. 207,North Fred,Arkansas,17124,-99.954370,-7.353634
Paula Neal,32,9703 Benjamin Harbor Suite 075,Port Tammymouth,Alaska,69353,-92.050720,68.9039515
Patrick Ward,74,7445 Brown Manors Suite 062,Jamesshire,Mississippi,10774,-161.930755,-4.026923
David Fox,61,1225 Madeline Cliffs,Angelburgh,Arizona,48209,132.856548,5.841330
Amber Evans,30,488 Sutton Route Suite 668,Jessicaville,Virginia,50508,64.160266,77.8718515
Johnathan Nelson,36,59410 Kimberly Brook,North Gregory,Texas,94647,-147.252005,-31.1421755
Nathaniel Williamson,54,498 Gregory Hills,Maryfort,Mississippi,21654,12.551425,-44.569061
Thomas Stein,50,7003 Cardenas Valley Suite 387,Victorbury,Georgia,23867,-101.135747,11.4711915
Heather Griffin,56,85102 Jason Hollow Suite 599,Port Hannah,Illinois,54109,106.171503,-9.6561075
Erin Keller,21,74534 Smith Ridge Apt. 883,Stephaniemouth,Massachusetts,33905,22.776414,-17.1072185
Joshua Tucker,60,76773 Tanya Trafficway,East Wendy,Kentucky,62797,-115.910653,-11.595593
Sean Garrison,51,6965 Lori Forest Apt. 992,New Jessicaview,Colorado,01059,163.030161,56.2905025
Robert Rodriguez,26,23569 Mariah Greens Suite 452,Andrewside,Nevada,49244,178.771569,17.237850
Anne Brock,18,4846 Cochran Court Apt. 148,Hessview,Minnesota,50835,-104.259025,80.690040
Nathaniel Dunn,27,32838 James Ford,Lake Janetburgh,North Carolina,34436,25.319577,-69.2573725
Joseph Griffin,44,1365 Walker Light,New Michelleport,Colorado,86554,-69.660138,63.4978625
Andrew Bates,72,547 Duncan Terrace Apt. 367,Chelseaville,Michigan,58942,-12.356899,82.004550
Katherine Wolf,54,80293 Santiago Locks,Kevinland,Ohio,38493,-134.105087,83.3971985
Ashley Santiago,52,3819 Chambers Lights,West Charles,Maine,25226,159.215632,66.065683
Robert Austin,30,0563 Kara Rapid,Davisshire,Illinois,56827,-104.228982,66.084643
Samantha Morris,22,42888 Rivera Radial,Anthonyfort,Alabama,74303,-55.437539,-49.621479
Timothy Long,26,62033 Jessica Garden Apt. 308,West Suzanneland,Arizona,41933,-135.445033,-84.5035555
Eugene Tapia,57,50149 Cross Fords Suite 921,Welchburgh,Mississippi,16618,-164.575961,12.393822
Alexander Sanders,33,63374 Bryan Port,East Caitlin,Arizona,52064,110.481027,6.1077355
Eric Austin,43,70558 Lewis Village Suite 771,Forbesside,Vermont,49151,106.265595,89.642911
Richard Thompson,77,1226 Scott Ways,South Cameron,New Jersey,41842,-171.523728,40.2088865
Daniel Smith,49,72203 Warner Lakes Suite 698,Seanfurt,Nebraska,56518,-25.992601,43.591679
Dominique Stephens,45,5247 Travis Lane,West Michele,Alaska,09283,173.932241,-57.3928095
Carrie Montoya,43,5383 Salas Coves,Lake Karibury,Mississippi,09229,62.267057,21.812697
Brenda Miller,71,84320 Lamb Via Apt. 589,Whiteport,New Mexico,00507,-76.209877,-85.003906
Emily Ross,45,7014 Woodard Lodge Apt. 571,Jimmyfort,New Mexico,20544,-172.165217,48.5804015
Laura Price,24,87693 Tami Square,Port Jeanton,Wisconsin,15762,-170.574268,30.270779
Erin Richard,79,9958 Carr Prairie Apt. 214,Lopezfort,Delaware,69254,-154.781660,-59.948498
Dana Morrison,74,41268 Clark Groves,North Nicholasmouth,New Hampshire,83230,152.231832,-34.1828065
Donna Lamb,27,011 Hicks Mountains,New Douglasburgh,Delaware,99208,-147.649645,13.090848
Richard Cervantes,51,533 Dustin Highway Apt. 427,Kleinberg,Iowa,01442,-42.012637,-63.3480485
Brooke Davis,78,779 Lopez Forge Apt. 190,Georgechester,Pennsylvania,65568,-116.731692,67.313082
Tony Stewart,55,09492 Watts Center Apt. 964,Tannerfurt,Kansas,84562,-1.002786,-79.626543
Jacqueline Brown,60,6706 Beth Walks,Lake Caroline,Texas,30174,-65.571162,-73.239139
Bradley Shaffer,24,25968 Greer Haven Apt. 273,Theresaberg,Rhode Island,35203,-177.043629,16.0527405
Ryan Flynn,45,3294 Steven Union Suite 323,Allisonfort,Colorado,22605,-5.831070,-74.9681625
Dylan Logan,32,6039 Hancock Valley,Lake Kaylatown,West Virginia,55624,-3.298680,-63.510075
William Martinez,69,5415 Danielle Hills,Hunterville,Georgia,83262,-148.277447,2.0184915
Richard Jenkins,47,805 Rogers Ramp Apt. 330,Tannerborough,Georgia,69705,-16.405952,46.6679825
Thomas Hart,70,316 Jesse Hills Apt. 126,Harrisview,Oklahoma,22334,58.678809,76.927753
Jose Benjamin,73,1697 Smith Mountain Apt. 415,West Brian,Arizona,46583,167.013282,-37.8679935
Samuel Mitchell,68,09871 Marcus Lock Apt. 038,East Frankmouth,California,34826,122.253627,71.386404
Nicole Bates,42,716 Todd Isle,Jasminemouth,Arkansas,23444,112.808395,-18.680679
Stephen Benton,57,62301 Perry Club,Lake Michael,New York,63730,-23.940167,74.620999
Isabel Anderson,21,935 Carroll Track Apt. 497,Youngfort,Nevada,53237,-59.264772,-37.890594
Katherine Simon,79,67985 Samuel Crescent Apt. 413,Clairehaven,Kansas,67857,82.494001,75.0169695
Tara Robinson,58,8218 Desiree Center,Claytonland,Colorado,82537,4.172915,-60.731395
Eric Thompson,46,61233 Allen Crossroad Suite 496,West Nicholas,New York,70679,100.756659,-22.5634825
Michael Cabrera,48,7597 Melissa Vista,Martinezside,Maine,54825,-44.829054,3.729172
Zachary Dodson,45,83650 Victoria Locks,Damonland,Mississippi,34883,20.021572,-2.8612635
Rodney Jordan,70,785 Curtis Viaduct,South Maria,South Carolina,55110,-137.519933,-10.9307635
Troy Johnson,65,93615 Fischer Loop Apt. 376,Benjaminhaven,Georgia,23088,-50.337514,-88.788784
Melinda Booth,31,22408 Rebecca Point Suite 531,Andersonland,Indiana,88264,103.799773,72.099649
James Barrett,19,10204 Adam Stream Suite 073,West Cheryl,New Mexico,34666,34.176177,-44.077144
Michael Taylor,35,1020 Misty Ridges Suite 638,Peterport,Mississippi,30089,-165.356561,7.412368
Bob Meyer,24,750 John Cliffs Apt. 280,West Travisside,Florida,57047,-141.169790,-26.505479
Kyle Bell,24,175 Thompson Lake Suite 752,Port William,Michigan,14865,126.350387,60.8545405
Rebecca Stein,68,4506 Dennis Forest Apt. 428,Murphyport,Kansas,99469,-22.954157,-84.5669235
Rebecca Huff,76,25604 Joseph Common Suite 982,Jamiechester,Massachusetts,91701,-124.654888,-54.685282
Brianna Walker,75,75538 Gutierrez Camp,Randyberg,California,37094,26.744521,27.4999665
Keith Lopez,51,45125 Tyler Plains Suite 180,Port Jason,Missouri,45114,-116.868692,-26.244360
Shannon Griffin,71,23411 Rachel Mews,South Karen,New Jersey,06069,-146.850198,53.9536765
Patrick Espinoza,61,24270 Joseph Mountain,South Stephenview,Oregon,78848,-106.991096,62.265575
Patrick Boyd,75,58081 Christopher Plaza Suite 782,Farrellmouth,South Dakota,18095,-58.402557,42.611433
Kenneth Murray,37,78966 Castillo Ports,South Anna,Maine,24796,172.010709,-7.1334985
Donald Williams,35,918 Erica Overpass,Durhamchester,Louisiana,61944,-112.664442,-22.827163
Christopher Bullock,74,5559 Brown Spur Apt. 036,Alexland,Michigan,61815,-136.043379,-4.129545
Laura Barry,21,1149 Scott Spur,North Elizabeth,West Virginia,90712,0.539843,75.2421405
Manuel Ross,50,7131 Bowen Trafficway Apt. 579,Powellview,Maine,68338,-35.362784,-39.5676185
Sara Mathews,50,37783 Rich Rest Apt. 929,Duncanville,North Dakota,69697,-124.701081,3.777389
Charles Jackson,72,856 Benjamin Highway,West John,Ohio,05598,-85.989110,-73.4312075
Stacy Cox,28,73817 Robert Street Suite 907,East Frederickview,South Carolina,20973,-134.118531,-1.334698
Mindy Li,47,7428 Eric Garden Suite 459,Debramouth,New Jersey,85069,33.994531,-38.8159345
Ryan Landry,74,913 Shelly Terrace Suite 031,Philipmouth,Maryland,82616,-13.340979,44.0413835
Matthew Lindsey,46,062 Olivia Island,Tiffanystad,Minnesota,91678,176.034415,29.0416735
Carol Lopez,20,34841 Katelyn Trail Suite 001,North Megan,Colorado,88211,-91.358672,-64.438447
Tina Howard MD,49,4389 Rogers Island,New Dianastad,Pennsylvania,02989,-44.987188,-69.0236825
Jennifer Welch,26,899 Newman Pass,Robertsborough,Vermont,02845,-112.480799,82.783945
Michael Evans,33,996 Kimberly Lock,East Kennethburgh,Utah,99689,21.158213,-54.206376
Jason Adams,48,4058 Erin Plaza,Patriciamouth,Hawaii,95302,144.593293,-63.682986
Lydia Diaz,73,5449 Hansen Inlet Apt. 716,Ashleyville,Tennessee,71173,171.215678,54.419347
Patrick Turner,56,4220 Pacheco Light Apt. 636,West Ashleyland,Massachusetts,18577,84.305530,-79.638481
Ricky French,80,31594 Amy Bridge Apt. 147,South Kennethville,Rhode Island,69023,-24.783972,-43.9145925
Matthew Wheeler,22,538 Dana Loop,New Joshua,Arkansas,15449,-97.781642,70.025053
Jeffery Griffin,43,5774 Ann Throughway,East Stephanie,Tennessee,68910,155.717621,67.341456
Eric Galvan,55,054 Katrina Knolls Apt. 796,Stevenchester,Arizona,01904,166.659652,-87.6711085
Danielle Callahan DVM,73,35302 Jose Cliff Apt. 475,Chaseshire,New Jersey,58923,109.597814,-1.5041705
Catherine Wright,35,950 Jack Cove,Melissaport,North Dakota,28295,-43.760902,-20.897945
Susan Johnson,51,64321 Bradshaw Burg Apt. 828,North Jennifer,Colorado,31650,-177.747364,31.581981
Chad Castillo,18,274 Cohen Creek Apt. 978,Thomastown,Vermont,63629,-152.920186,-73.067545
Victoria Rangel,66,73935 Mary Valleys Suite 410,Friedmanstad,Delaware,09670,111.627934,78.0931365
Caroline Rhodes,44,0720 Taylor Island,West Jeffreyview,California,28400,-117.633064,76.512177
Shawn Smith,55,1407 Lopez Lakes,Griffinshire,South Dakota,53131,169.065862,20.7636745
Don Johnson,61,13026 Melvin Turnpike Suite 400,Lake Michaelmouth,Illinois,63694,-122.372713,66.131497
Preston Yang,65,23773 Jones Pass Apt. 822,Ellismouth,New Jersey,38473,82.629485,-1.8613175
Michael Morgan,57,61711 Cooper Track Apt. 918,Sotoborough,South Carolina,57737,-88.647683,7.953572
Alexa Duncan,25,410 Smith Heights,West Michaelfurt,New York,77680,-117.354392,35.995528
Ryan Arnold,21,13655 Howell Ridges,New Zachary,Maryland,73616,168.583778,-65.394450
Benjamin Vargas,55,18580 Gabriel Divide Suite 682,Jonesmouth,Minnesota,47986,-154.754319,53.850622
Walter Carr,68,4771 Vance Junction Apt. 640,West Desireeside,Virginia,49062,179.079545,23.568743
Adam Hill,60,988 Neal Track Apt. 207,Lake Megan,Connecticut,21791,-112.779339,-15.3755385
Susan Hubbard,75,3033 Keith Street Apt. 360,Wolfton,Arkansas,73959,156.304077,85.515302
Christopher Thomas,60,47152 Todd Cliffs,East Kristytown,South Dakota,65085,10.619389,-43.9787495
Carol Campbell,29,01242 King Crescent Suite 311,Joelstad,Indiana,49022,-151.114403,11.671939
Whitney Bailey,40,28816 Espinoza Shoals,Port Christopher,Montana,46141,-105.921938,-67.903496
Lauren Robinson,37,72554 Smith Harbor,Allentown,New Mexico,67242,9.958189,20.687450
Rhonda Cline,66,97148 Amanda Grove,Pamview,Wyoming,23283,-82.689240,-4.377072
Abigail Clarke,19,8232 Matthew Track Apt. 549,Virginialand,Vermont,43054,-140.766866,30.3293335
Cameron Ellison,35,288 Ellis Spur Apt. 268,Blackland,Nebraska,35828,-18.348425,50.9010545
Nicole Kim,43,991 Mercer Avenue Suite 414,Petershire,Rhode Island,97073,157.557586,-24.455049
Wendy Cooley,19,41128 Perez Centers Apt. 825,Port Jessica,Michigan,35915,12.604692,-46.182858
Stephen Schultz,31,6996 Toni Brooks Apt. 558,West Angela,New Jersey,69721,97.573243,67.213788
Laura Banks,73,72667 Derek Wall,East Cindymouth,New York,49202,164.956908,-88.711909
David Bennett,73,204 Stephanie Port,Josephfurt,Hawaii,54396,-160.899322,-45.6080725
Cheryl Whitehead,73,5213 Justin Lock,West Ericabury,California,35490,43.689205,36.4995445
Barbara Lucero,57,229 Steven Divide Suite 808,East Brandiport,Illinois,04558,-59.307765,-72.825241
Lori Hendrix,41,530 Lee Port Apt. 329,South Calebshire,South Carolina,27458,9.807339,10.5591995
Jeffrey Harris,45,058 Alan Fall Apt. 329,Jacobhaven,Indiana,54751,151.193705,76.2232675
Tyler Ryan,70,534 Shaw Harbor Suite 008,Alexanderburgh,Arkansas,61990,173.779547,37.343475
Deborah Marshall,18,6092 Thomas Plaza,Sharonview,Kentucky,26914,103.685097,-81.911338
Lisa Smith,40,6184 Monica Loop,Stewartshire,Louisiana,18877,41.767515,35.7496795
Alexander Schwartz,37,335 Lori Trafficway,Lake Melissatown,Missouri,95030,116.668783,40.9497835
Tammy Brown,70,537 Lang Wall Suite 266,North Matthew,California,78655,62.149120,-77.0703325
Jill Faulkner,32,7916 Banks Branch,Juanton,Maryland,60308,165.338748,-15.0480375
Mrs. Stephanie Johnson,20,9125 Smith Keys,Lovefort,Utah,84096,103.888110,11.8332475
Glen Obrien,63,512 Terri Village,New Diana,New Jersey,74494,90.435815,-76.820430
Charles Escobar,34,0700 Traci Plain Apt. 825,Lake Davidbury,Alabama,38268,21.848109,-81.1631745
Tammy Williams,26,123 Michael Valley Apt. 949,Aaronfort,North Carolina,92803,123.423568,-48.0944185
Sandra Ruiz,61,415 Berger Pines Apt. 656,Hartton,Maryland,58761,44.135697,-50.618604
Sara Miller,29,0067 Sanchez Summit,Port Nathaniel,Delaware,50187,174.402875,-78.8564245
Ryan Nelson,55,316 Hendricks Track Suite 497,North Alexandraland,Maryland,74694,-41.851338,-83.943549
Cheryl Morris,66,146 Audrey Burgs,East Annmouth,Idaho,22741,13.660512,-39.644961
Angela Anderson,68,67934 Davenport Circle,Kevinstad,New Hampshire,31521,-11.055175,-84.5963105
Troy Hale,47,4806 Judy Street,Danielburgh,Virginia,23129,16.158579,46.7194715
Kelly Garcia MD,63,25865 Perez Stream,East Jose,Idaho,69703,-91.029151,-46.9109305
Brandon Pope,62,26681 Mason Dale Suite 420,Dixonmouth,Wisconsin,13850,20.382025,62.9146665
Joseph Gutierrez,48,68811 Bryant Vista,Jessicahaven,Wisconsin,88640,-177.056211,7.707857
Darius Taylor,36,3410 Keller Run Suite 766,New Derrick,Massachusetts,74770,-63.604646,-63.3013315
Erica Williams,59,088 Michelle Crossing,Lake Nicholas,South Dakota,65087,-9.336360,-39.088284
Anne Morris,23,394 Tucker Falls Apt. 417,Aguirreburgh,New Jersey,47167,43.925906,-36.1486965
Catherine Wood,37,81758 Stark Oval,Lake Jenniferfort,Rhode Island,51766,-132.915172,-47.7677055
Susan Bryant,60,71837 Hill Wall Apt. 029,Durhamhaven,Wyoming,89001,-88.551804,37.787926
Madison Reed,74,852 Michael Park,Morrisburgh,Texas,91308,98.785914,-23.9251795
Julie Gordon,71,3384 Bell Summit Apt. 253,Port Adamside,Rhode Island,04834,42.106468,-50.7862695
Donald Mcgrath,65,80052 Bowen Pike,Kelleymouth,Arizona,24643,-138.824273,-72.9043315
Shirley Brown MD,41,54714 Robert Parkways,Davidshire,Oregon,85879,102.458308,14.0021995
Christy Fischer,21,43665 Barron Valleys,South Cynthiafurt,Nevada,44614,-139.339206,49.7274205
Richard Brown,53,620 Robinson Walk Suite 354,New Michael,Oklahoma,21519,175.825293,-50.159882
James Brown,41,5935 Stephens Lodge,West Dustinton,Pennsylvania,42115,13.685042,73.473051
Jessica Ballard,62,46819 Kim Cove Suite 228,Careyberg,New Mexico,00916,-47.352105,46.5061995
Mercedes Robertson,64,59047 Keller Mall,Grayland,Delaware,67943,-94.997211,-7.460712
Robert Ramos,78,2252 Erica Rapid,Marthahaven,Oklahoma,93485,142.184389,65.0871185
Jeremy Bass,75,7402 Bryant Drives Suite 578,Port Laura,Wyoming,17496,111.195083,71.0064535
Mrs. Karen Skinner MD,21,3459 Molina Overpass,South Kathleenshire,Mississippi,38326,102.675054,-29.1800995
Karen Coleman,19,5668 Adam Vista Apt. 201,East Timothy,Nebraska,03085,-55.271237,78.8323295
Paul Anderson,25,695 Haley Ferry,Port Melissabury,Arkansas,18811,150.123933,-26.949665
Karen Jones,49,0341 Gonzalez Ways Apt. 629,South Davidberg,Rhode Island,58838,-64.727453,39.7081375
Elizabeth Mccall,49,990 Nelson Burgs Apt. 918,Garrettbury,New Hampshire,34885,61.530663,-77.236526
Sarah Dominguez,39,1510 Foster Locks,Glenntown,New Jersey,95778,-136.351201,44.5654885
Mr. James Rivera,42,63783 Robin Pines Suite 842,South Christopherhaven,Delaware,84152,-138.394929,62.8803245
Karen Wright,67,56156 Christopher Motorway,Gregoryview,Iowa,15006,-45.217676,30.8253865
Heidi Jordan,52,80067 Nicholas Parkways Apt. 695,New Rogerton,Maryland,53596,-116.709676,-6.758806
Chelsea Wilson,73,7680 Cruz Neck,Colinland,Georgia,99228,159.762573,-23.772310
Jamie Pierce,50,4598 Romero View Apt. 607,Gallagherland,West Virginia,12121,-140.570501,-49.883738
Dr. Austin Jennings,25,2521 Ortiz Valleys Suite 260,Port Christopher,Delaware,06308,-160.047506,-44.076696
Kristin Costa,51,470 Brandt Village Apt. 244,Rodriguezfort,Nebraska,29300,60.810509,1.206458
Tara Yang,19,89133 Thomas Ridge Apt. 134,Lake Kathryn,Florida,90651,139.271211,27.903790
Donna Jordan,61,0797 Cooper Extensions,New James,Massachusetts,12155,-101.248108,72.5902535
Richard Pearson,76,15042 Antonio Harbors Suite 344,Ariasport,Wyoming,02683,-162.214283,-57.411262
Erin Cannon,38,91813 Matthew Tunnel Suite 063,Port Michael,New Jersey,84535,-156.688202,-27.961162
Victor Garcia,43,703 Eric Inlet Apt. 756,Payneville,Connecticut,90618,-3.169661,67.4516765
William Smith,57,6220 Brandon Forges,Lake Richardside,Kansas,37073,-13.271846,-45.9502975
Shelley Frazier,46,0153 Sean Mountain Suite 862,Justinchester,Tennessee,69149,41.505531,85.358566
Holly Anderson,24,91820 Franklin Tunnel Apt. 573,North Samantha,Nebraska,33261,-32.592704,56.410716
Paul Mcknight,47,07776 Johnson Groves,West Larry,Oklahoma,41427,-94.782994,49.397616
Edward Harper,30,29409 Thomas Forest,North Jeremyshire,Missouri,76230,166.269651,74.8191145
Kimberly Miller,45,93785 Ashley Road,Robinsonshire,Wyoming,40356,104.905100,53.8280945
David Smith,71,9838 Arthur Way Apt. 655,Nelsonhaven,Texas,62212,-54.409074,34.9674425
Michael Carter,23,538 Ray Estates Apt. 277,North Jessica,Minnesota,55903,-169.978714,-69.298060
Sharon Davis,46,8501 Thomas Center,Stephenport,Colorado,95530,87.311567,-21.3728825
Patrick Martinez,72,69809 Huff Lake Suite 142,South Susan,Massachusetts,20748,32.935355,79.5309255
Randall Martinez,51,599 Tina Lock Apt. 654,Odomshire,New Mexico,80301,104.059443,-20.200208
Lauren Herrera,60,26868 Robert Hill Apt. 453,Jamesfort,Texas,45604,73.103490,58.6639535
Douglas Mann,70,9546 Johnson Turnpike Apt. 223,North Carolton,Texas,00962,-18.953343,24.521777
Jennifer Cook,28,0527 Richards Ports,East Charles,Minnesota,14833,-115.092658,-76.240905
Albert Garcia,47,9595 Allison Haven,Charleshaven,Arkansas,23939,52.491735,65.911015
Monica Smith,55,373 Fuller Square Apt. 874,New Josephview,Minnesota,82355,-31.805046,-47.746364
Abigail Coleman,20,8147 Michael Ramp,Port Calvin,Wyoming,27757,-4.522555,-68.756701
Timothy Miller,41,103 James Junction Apt. 801,Port Alexborough,Maine,18096,77.167853,60.389872
Sarah Stewart,38,86327 Sullivan Centers Apt. 964,New Natalie,Rhode Island,71068,83.087230,23.3136675
Vanessa Shah,76,67051 Marquez Spur,Millerbury,New Jersey,58051,-35.282033,47.3552895
Seth Rivas,28,211 Lisa Manors,Jenniferview,Georgia,75147,73.016226,-62.131050
Joel Knapp DDS,33,97217 Hernandez Ports Apt. 916,Eatonburgh,Missouri,62224,-112.849777,7.4933515
Arthur Gray,65,815 Susan Harbors,West Laura,Georgia,79113,-0.443837,-4.5408305
Ebony Carroll,49,18745 Zachary Throughway,Sydneytown,New York,06246,15.293894,-64.7681445
Thomas Brown,26,032 Aaron Pine,Hamiltonmouth,Oklahoma,54159,-4.738849,89.8599375
Gregory Wheeler,22,395 Noble Estates Apt. 009,Kevinmouth,Texas,90700,-125.833740,-30.3573285
Michael Mcguire,47,026 Chloe Cove Apt. 041,South Chelsealand,North Carolina,96277,103.469853,42.2593915
Kayla Cooper,77,68186 Carpenter Pike Apt. 469,Craigburgh,New Mexico,91905,164.160210,18.4993355
Robin Rogers MD,33,062 Christine Forges,Mcgeeburgh,Georgia,41691,-64.429936,-7.1399475
Amy Jones,44,44470 Burke Coves Apt. 330,West Charlotte,South Dakota,01740,158.454075,13.1898845
Chris Rich,49,25303 Hicks Knoll Apt. 862,Haynesland,South Carolina,01541,103.371429,76.8366505
Jesse Mack,21,5057 Gwendolyn Via,Alexanderfurt,Washington,85431,76.200993,19.9535735
Gina Kane,19,8500 Virginia Isle Apt. 399,Bauertown,South Dakota,95613,0.716254,22.7532575
David Rogers,51,9229 Marshall Ramp,Lake Christopher,North Dakota,07855,166.144098,71.5783345
Richard Roach,75,348 Jonathan Lock,Wellsburgh,Kentucky,79655,162.877925,53.9249015
Jennifer Stanton,36,3598 Caitlin Glen Suite 844,Bethton,Ohio,35828,102.202151,-69.291427
Allison Mueller,26,3377 Jessica Mall Suite 465,West Davidland,Oklahoma,77889,-94.697297,9.7859465
Ashley Bush,27,6382 James Port Suite 752,Leslieview,Iowa,36047,-16.771661,84.280735
Denise Walker,27,4136 Bennett Key Suite 157,North Jaredton,Indiana,62876,171.459771,-84.205852
Christopher Maxwell,77,0782 Cruz Skyway Suite 425,Harveyton,Kentucky,47153,-109.871279,88.0028415
Amber Burns,35,77615 Cox Prairie Suite 766,South Julie,Tennessee,17485,168.915267,-59.036927
Theresa Harris,58,00916 Goodman Lights,South Raymond,California,64212,-47.404622,-30.5236635
Alexis Calderon,26,045 Jason Cape,Cobbton,Minnesota,81908,175.075609,6.723160
Michael Simmons,44,804 Bradford Views,Timothyberg,Ohio,23160,34.407304,-12.4708115
Shelly Hernandez,18,426 Everett Manors Suite 986,West Veronicachester,Louisiana,01504,-120.118548,-25.239747
Eric Lewis,54,5466 Turner Plain Suite 594,East Davidhaven,Kansas,24283,19.041869,3.894952
Breanna Rivera,69,11852 Nicole Avenue Suite 707,Jerrymouth,New Hampshire,26114,174.063663,83.5498285
Jennifer Daugherty,34,67858 Lisa Ways Suite 776,South Carolynshire,Idaho,52682,-174.368656,-3.6931705
Michelle Ellis,27,0206 Christopher Junctions Apt. 791,Joshuafort,Connecticut,05724,62.831309,-0.116009
Gary Heath,45,64164 Davis Drive,North Brenda,Idaho,06555,-30.750288,-40.1275245
Brooke Walsh,20,582 Joseph River Suite 297,West Lauren,Pennsylvania,11802,159.489698,-88.765347
Joseph Brown,42,080 Miller Terrace,Port James,Washington,68712,170.810634,-22.871973
Cathy Gibbs,25,5357 Tony Stream Apt. 887,Lake Johnny,Connecticut,45367,179.793255,-26.8336105
Anthony Ruiz,40,97252 Kurt Pine Suite 188,New Richardton,Utah,40915,38.595187,13.5499645
Martha Hogan,59,7697 Kelly Plain,New Jennifer,North Carolina,66544,-66.004546,-84.470776
Annette Butler,52,0230 Jordan View,Melissamouth,Arkansas,44991,-148.387531,-16.191221
Todd Leonard,52,448 Herrera Forks Suite 345,Rachelberg,Virginia,94023,75.328732,-37.1041075
Shawn Ali,36,31102 Martinez Stream,Lake Aprilfort,Maryland,75832,19.938713,-63.5109565
Adam Olson,48,7378 Joshua Prairie,East Katherine,Oklahoma,06879,71.260001,71.0704415
Sandra Stanton,59,71066 James Fork,Kevinbury,Alaska,79575,81.372304,40.295366
Michael Wagner,43,9534 Cory Keys Apt. 389,Lake Lauraberg,Nevada,73243,-38.545239,75.7602555
Elizabeth Hernandez,39,88870 Kenneth Pike Apt. 557,Harrisonburgh,Iowa,09249,-25.617911,-40.520706
John Mitchell,29,465 Brown Crossroad Apt. 512,Juliaport,Hawaii,90882,-153.039004,10.678969
Mrs. Sheila Dillon,62,621 Melissa Stream,Brooksside,Vermont,87008,-54.869637,-73.8520835
Brandon Bright,45,9111 Christopher Club Apt. 063,Kruegerfurt,Kansas,59500,32.810441,34.2400555
Bryan Day,38,603 Reynolds River,Kevinburgh,South Carolina,00989,103.895371,-29.7291855
Jennifer Rogers,70,4910 Morgan Hill Apt. 266,West Johnhaven,Virginia,97107,-118.959406,81.711848
Ann Gutierrez,75,07060 Evan Mountains Apt. 683,Port Kevinfort,California,26490,-37.024669,-18.318888
William Jordan MD,35,5707 Bailey Turnpike Suite 038,South Anthony,West Virginia,87178,21.730959,-52.4059955
Johnny Braun,28,07248 Smith Port,New Alan,New Jersey,47081,118.033939,47.2051375
David Page,57,73389 Ray Springs Suite 490,Ryanfort,Minnesota,50815,-64.122765,43.4651395
Jacob Bentley,63,2113 Luna Hollow Apt. 140,Stevenview,Iowa,00905,-96.938325,-23.8886335
Tonya Smith,65,775 Sara Shores Apt. 670,West Judyport,Alaska,57610,58.330089,-78.9467715
Michelle Griffin,41,227 Wilson Parkway,Port Andrewfurt,Virginia,78128,-173.843784,-66.9903855
Sydney Flowers,28,48788 Andrew Way,Christopherside,West Virginia,71518,-126.096898,-2.986567
Dorothy Oneal,24,54313 Caleb Village,South Williamburgh,Colorado,02032,124.756321,49.2777465
Sheila Ochoa,44,70645 Taylor Drive,Kaitlinfort,Florida,64900,-150.980935,65.7407975
Gabrielle Nelson,40,733 Eric Shores Suite 140,Patriciafurt,Arkansas,62180,-118.853092,18.364510
Melanie White,69,0301 Sharon Rue Apt. 206,Robersonton,Pennsylvania,51730,-157.216390,-20.3373625
Amy Howard,69,67163 Rebecca Motorway,Port Denise,North Carolina,26785,107.057803,-2.2192385
Christine Payne DDS,71,5552 Washington Wells Suite 834,Baileyburgh,Montana,95446,-150.698224,-44.2855875
Jose Gordon,59,4904 Alvarez Rue Suite 509,East Savannahland,Mississippi,21481,-138.548584,-69.2326505
Kathleen Arnold,61,20343 Anna Vista,Williamfort,South Dakota,41173,109.596545,39.7023515
Tracy Hicks,61,77331 Wu Extensions,New Daltonbury,Alaska,20573,130.146429,-34.6774455
Tracy Lee,23,09841 Parker Inlet,East Sarah,Missouri,09058,-139.658706,84.285227
Eric Owens,26,360 Obrien View Apt. 861,Lake Zacharyhaven,Arkansas,26780,88.460877,-36.9727995
Nicholas Zimmerman,47,30406 Oconnell Union,East Caleb,Alaska,33947,67.787115,12.5284415
Teresa Fletcher,21,7867 Raymond Avenue,Andersonborough,Massachusetts,43238,169.624310,-44.0267765
